"Date,""Dernier"",""Ouv."","" Plus Haut"",""Plus Bas"",""Vol."",""Variation %"""
"01/02/2024,""286,00"",""293,00"",""293,00"",""285,20"",""36,61K"",""0,18%"""
"31/01/2024,""285,50"",""285,05"",""293,00"",""285,05"",""33,62K"",""-0,17%"""
"30/01/2024,""286,00"",""287,00"",""294,00"",""285,00"",""108,38K"",""-0,69%"""
"29/01/2024,""288,00"",""290,20"",""290,20"",""288,00"",""16,07K"",""0,00%"""
"26/01/2024,""288,00"",""293,90"",""293,90"",""288,00"",""40,33K"",""-1,82%"""
"25/01/2024,""293,35"",""294,00"",""294,00"",""293,35"",""66,00K"",""-0,22%"""
"24/01/2024,""294,00"",""295,00"",""295,00"",""293,00"",""64,77K"",""-0,07%"""
"23/01/2024,""294,20"",""294,65"",""294,65"",""294,00"",""61,11K"",""-0,29%"""
"22/01/2024,""295,05"",""294,90"",""297,00"",""294,00"",""71,04K"",""0,70%"""
"19/01/2024,""293,00"",""292,50"",""295,00"",""292,00"",""77,93K"",""0,34%"""
"18/01/2024,""292,00"",""286,80"",""292,00"",""286,80"",""128,56K"",""2,46%"""
"17/01/2024,""285,00"",""285,00"",""286,00"",""284,00"",""114,53K"",""0,00%"""
"16/01/2024,""285,00"",""284,10"",""285,00"",""283,10"",""57,83K"",""0,35%"""
"15/01/2024,""284,00"",""285,00"",""285,00"",""284,00"",""44,78K"",""-0,35%"""
"12/01/2024,""285,00"",""284,00"",""285,00"",""282,15"",""67,09K"",""0,18%"""
"10/01/2024,""284,50"",""282,00"",""288,00"",""282,00"",""103,67K"",""0,55%"""
"09/01/2024,""282,95"",""278,00"",""283,00"",""278,00"",""57,58K"",""1,05%"""
"08/01/2024,""280,00"",""277,00"",""280,00"",""277,00"",""30,85K"",""0,02%"""
"05/01/2024,""279,95"",""277,00"",""279,95"",""275,05"",""29,93K"",""1,43%"""
"04/01/2024,""276,00"",""275,00"",""276,00"",""275,00"",""25,82K"",""0,36%"""
"03/01/2024,""275,00"",""275,50"",""276,95"",""274,50"",""44,58K"",""-0,70%"""
"02/01/2024,""276,95"",""275,00"",""276,95"",""275,00"",""7,69K"",""0,71%"""
"29/12/2023,""275,00"",""274,05"",""275,00"",""274,05"",""252,61K"",""0,35%"""
"28/12/2023,""274,05"",""275,00"",""276,00"",""274,00"",""21,25K"",""0,02%"""
"27/12/2023,""274,00"",""274,00"",""275,80"",""272,00"",""48,58K"",""0,00%"""
"26/12/2023,""274,00"",""276,00"",""277,00"",""274,00"",""64,66K"",""-1,08%"""
"25/12/2023,""277,00"",""277,05"",""277,05"",""275,00"",""25,21K"",""0,00%"""
"22/12/2023,""277,00"",""276,00"",""277,00"",""275,00"",""90,67K"",""0,36%"""
"21/12/2023,""276,00"",""277,00"",""278,00"",""275,50"",""71,47K"",""-0,38%"""
"20/12/2023,""277,05"",""277,80"",""277,90"",""277,00"",""51,00K"",""0,02%"""
"19/12/2023,""277,00"",""276,50"",""277,05"",""276,50"",""54,24K"",""0,18%"""
"18/12/2023,""276,50"",""275,50"",""276,50"",""275,50"",""63,55K"",""0,44%"""
"15/12/2023,""275,30"",""276,00"",""277,00"",""275,30"",""69,10K"",""-0,25%"""
"14/12/2023,""276,00"",""275,00"",""276,00"",""274,00"",""81,69K"",""0,71%"""
"13/12/2023,""274,05"",""270,05"",""274,20"",""270,05"",""122,80K"",""0,75%"""
"12/12/2023,""272,00"",""269,00"",""272,00"",""269,00"",""123,08K"",""0,18%"""
"11/12/2023,""271,50"",""273,20"",""273,20"",""270,00"",""20,78K"",""0,20%"""
"08/12/2023,""270,95"",""269,80"",""273,00"",""269,80"",""108,96K"",""0,72%"""
"07/12/2023,""269,00"",""268,00"",""269,00"",""268,00"",""57,05K"",""1,13%"""
"06/12/2023,""266,00"",""266,00"",""268,00"",""260,00"",""32,69K"",""0,00%"""
"05/12/2023,""266,00"",""266,00"",""266,00"",""266,00"",""35,20K"",""-0,19%"""
"04/12/2023,""266,50"",""266,00"",""267,00"",""265,00"",""24,34K"",""0,19%"""
"01/12/2023,""266,00"",""265,05"",""266,00"",""265,00"",""39,72K"",""0,00%"""
"30/11/2023,""266,00"",""265,00"",""268,00"",""265,00"",""77,53K"",""-0,37%"""
"29/11/2023,""267,00"",""265,00"",""269,95"",""263,15"",""92,15K"",""1,44%"""
"28/11/2023,""263,20"",""265,95"",""266,90"",""263,00"",""132,96K"",""-1,05%"""
"27/11/2023,""266,00"",""266,00"",""266,00"",""265,00"",""44,71K"",""0,00%"""
"24/11/2023,""266,00"",""269,95"",""270,00"",""266,00"",""25,40K"",""-0,75%"""
"23/11/2023,""268,00"",""267,00"",""270,00"",""267,00"",""29,95K"",""0,37%"""
"22/11/2023,""267,00"",""266,50"",""269,00"",""266,50"",""76,75K"",""0,19%"""
"21/11/2023,""266,50"",""265,00"",""266,50"",""265,00"",""642,25K"",""0,95%"""
"20/11/2023,""264,00"",""258,10"",""264,00"",""258,10"",""200,99K"",""0,23%"""
"17/11/2023,""263,40"",""262,00"",""263,50"",""262,00"",""11,51K"",""0,55%"""
"16/11/2023,""261,95"",""260,80"",""263,00"",""260,80"",""163,78K"",""0,75%"""
"15/11/2023,""260,00"",""258,05"",""260,00"",""258,05"",""5,05K"",""-0,69%"""
"14/11/2023,""261,80"",""261,40"",""261,80"",""261,40"",""3,49K"",""0,15%"""
"13/11/2023,""261,40"",""258,00"",""261,50"",""255,05"",""2,69K"",""0,17%"""
"10/11/2023,""260,95"",""261,00"",""261,00"",""258,00"",""11,69K"",""-0,02%"""
"09/11/2023,""261,00"",""260,95"",""261,00"",""260,95"",""5,92K"",""-0,31%"""
"08/11/2023,""261,80"",""261,95"",""262,00"",""258,00"",""5,02K"",""0,69%"""
"07/11/2023,""260,00"",""262,00"",""262,00"",""260,00"",""3,99K"",""0,39%"""
"03/11/2023,""259,00"",""257,00"",""261,00"",""257,00"",""2,26K"",""-0,77%"""
"02/11/2023,""261,00"",""261,00"",""261,00"",""261,00"",""4,36K"",""0,00%"""
"01/11/2023,""261,00"",""257,05"",""263,10"",""257,00"",""1,66K"",""-0,36%"""
"31/10/2023,""261,95"",""261,00"",""261,95"",""258,10"",""19,73K"",""0,36%"""
"30/10/2023,""261,00"",""262,00"",""262,00"",""256,50"",""20,40K"",""0,00%"""
"27/10/2023,""261,00"",""261,15"",""262,95"",""260,10"",""11,02K"",""-0,06%"""
"26/10/2023,""261,15"",""261,15"",""261,15"",""261,15"",""9,62K"",""-0,31%"""
"25/10/2023,""261,95"",""261,20"",""264,95"",""261,20"",""26,47K"",""-1,43%"""
"24/10/2023,""265,75"",""262,50"",""265,85"",""262,50"",""23,90K"",""-0,09%"""
"23/10/2023,""266,00"",""262,00"",""266,00"",""262,00"",""4,89K"",""1,14%"""
"20/10/2023,""263,00"",""261,05"",""263,00"",""261,05"",""43,22K"",""-0,75%"""
"19/10/2023,""265,00"",""264,45"",""265,00"",""261,00"",""24,78K"",""1,53%"""
"18/10/2023,""261,00"",""261,50"",""263,95"",""261,00"",""35,58K"",""-0,19%"""
"17/10/2023,""261,50"",""262,05"",""263,95"",""261,50"",""26,06K"",""-0,21%"""
"16/10/2023,""262,05"",""262,10"",""265,00"",""262,05"",""25,17K"",""-0,36%"""
"13/10/2023,""263,00"",""265,85"",""265,85"",""263,00"",""31,92K"",""-0,74%"""
"12/10/2023,""264,95"",""264,00"",""265,85"",""262,20"",""40,13K"",""0,36%"""
"11/10/2023,""264,00"",""265,90"",""265,90"",""264,00"",""19,44K"",""-0,73%"""
"10/10/2023,""265,95"",""262,10"",""265,95"",""262,10"",""38,04K"",""-0,36%"""
"09/10/2023,""266,90"",""267,05"",""267,05"",""260,20"",""66,51K"",""-1,15%"""
"06/10/2023,""270,00"",""280,00"",""280,00"",""267,15"",""97,50K"",""1,09%"""
"05/10/2023,""267,10"",""265,00"",""267,10"",""264,95"",""262,05K"",""5,99%"""
"04/10/2023,""252,00"",""253,20"",""253,95"",""252,00"",""6,83K"",""-0,77%"""
"03/10/2023,""253,95"",""253,00"",""254,00"",""252,00"",""32,41K"",""0,38%"""
"02/10/2023,""253,00"",""254,90"",""254,90"",""253,00"",""12,24K"",""-0,76%"""
"27/09/2023,""254,95"",""252,00"",""256,45"",""250,05"",""21,50K"",""0,00%"""
"26/09/2023,""254,95"",""256,45"",""256,45"",""252,50"",""6,73K"",""-0,41%"""
"25/09/2023,""256,00"",""251,00"",""256,00"",""250,00"",""12,30K"",""1,59%"""
"22/09/2023,""252,00"",""255,00"",""256,00"",""250,00"",""2,86K"",""0,00%"""
"21/09/2023,""252,00"",""255,00"",""255,60"",""251,00"",""15,02K"",""-1,18%"""
"20/09/2023,""255,00"",""250,20"",""256,90"",""250,00"",""24,47K"",""0,79%"""
"19/09/2023,""253,00"",""250,20"",""253,00"",""250,20"",""19,52K"",""0,22%"""
"18/09/2023,""252,45"",""253,00"",""253,00"",""250,00"",""12,06K"",""0,18%"""
"15/09/2023,""252,00"",""253,00"",""253,00"",""252,00"",""11,13K"",""-0,20%"""
"14/09/2023,""252,50"",""250,10"",""253,50"",""250,00"",""12,53K"",""0,20%"""
"13/09/2023,""252,00"",""253,90"",""254,00"",""252,00"",""5,35K"",""-0,79%"""
"12/09/2023,""254,00"",""252,00"",""254,00"",""252,00"",""4,63K"",""0,79%"""
"11/09/2023,""252,00"",""254,00"",""257,00"",""252,00"",""27,40K"",""-0,79%"""
"08/09/2023,""254,00"",""253,00"",""258,75"",""253,00"",""10,83K"",""-0,39%"""
"07/09/2023,""255,00"",""258,00"",""258,95"",""255,00"",""27,79K"",""-0,78%"""
"06/09/2023,""257,00"",""261,90"",""261,90"",""257,00"",""12,22K"",""-0,77%"""
"05/09/2023,""259,00"",""260,00"",""262,00"",""259,00"",""25,76K"",""-0,38%"""
"04/09/2023,""260,00"",""258,00"",""262,00"",""257,00"",""6,35K"",""0,00%"""
"01/09/2023,""260,00"",""257,00"",""264,00"",""257,00"",""15,75K"",""-1,70%"""
"31/08/2023,""264,50"",""254,00"",""264,50"",""254,00"",""69,83K"",""4,09%"""
"30/08/2023,""254,10"",""254,00"",""255,00"",""254,00"",""30,56K"",""0,00%"""
"29/08/2023,""254,10"",""256,00"",""256,00"",""254,00"",""2,48K"",""-0,35%"""
"28/08/2023,""255,00"",""255,00"",""255,05"",""254,00"",""34,57K"",""0,35%"""
"25/08/2023,""254,10"",""254,70"",""256,00"",""254,00"",""15,82K"",""-0,37%"""
"24/08/2023,""255,05"",""256,00"",""256,00"",""254,05"",""7,90K"",""-0,02%"""
"23/08/2023,""255,10"",""255,75"",""256,00"",""255,00"",""19,92K"",""-0,39%"""
"22/08/2023,""256,10"",""260,00"",""260,00"",""256,10"",""51,64K"",""-0,77%"""
"18/08/2023,""258,10"",""260,00"",""260,00"",""258,10"",""37,24K"",""-0,73%"""
"17/08/2023,""260,00"",""260,00"",""260,00"",""260,00"",""13,52K"",""-0,17%"""
"16/08/2023,""260,45"",""257,00"",""260,95"",""257,00"",""14,84K"",""0,17%"""
"15/08/2023,""260,00"",""258,00"",""261,95"",""257,00"",""8,22K"",""0,78%"""
"11/08/2023,""258,00"",""258,05"",""259,85"",""258,00"",""62,43K"",""-1,92%"""
"10/08/2023,""263,05"",""260,00"",""263,05"",""260,00"",""24,47K"",""1,17%"""
"09/08/2023,""260,00"",""263,05"",""265,00"",""260,00"",""19,64K"",""-1,14%"""
"08/08/2023,""263,00"",""263,05"",""265,00"",""263,00"",""65,35K"",""-0,38%"""
"07/08/2023,""264,00"",""267,00"",""267,00"",""262,55"",""581,26K"",""-0,04%"""
"04/08/2023,""264,10"",""263,00"",""264,10"",""263,00"",""101,47K"",""-0,34%"""
"03/08/2023,""265,00"",""260,00"",""266,00"",""260,00"",""43,19K"",""0,38%"""
"02/08/2023,""264,00"",""264,00"",""265,00"",""263,00"",""32,08K"",""0,00%"""
"01/08/2023,""264,00"",""264,00"",""264,00"",""262,00"",""35,07K"",""0,65%"""
"31/07/2023,""262,30"",""263,00"",""264,00"",""262,00"",""56,18K"",""-0,27%"""
"28/07/2023,""263,00"",""264,50"",""264,50"",""263,00"",""39,37K"",""-0,42%"""
"27/07/2023,""264,10"",""263,05"",""265,00"",""263,05"",""50,46K"",""0,04%"""
"26/07/2023,""264,00"",""262,20"",""266,00"",""262,20"",""78,04K"",""-0,75%"""
"25/07/2023,""266,00"",""260,00"",""266,00"",""260,00"",""33,92K"",""1,53%"""
"24/07/2023,""262,00"",""261,00"",""262,00"",""261,00"",""55,98K"",""-0,38%"""
"21/07/2023,""263,00"",""262,00"",""263,00"",""262,00"",""44,58K"",""-0,38%"""
"20/07/2023,""264,00"",""262,20"",""264,00"",""262,00"",""55,20K"",""0,76%"""
"18/07/2023,""262,00"",""256,00"",""262,00"",""256,00"",""72,03K"",""1,95%"""
"17/07/2023,""257,00"",""259,45"",""259,45"",""256,00"",""32,19K"",""1,14%"""
"14/07/2023,""254,10"",""259,25"",""259,25"",""253,20"",""30,77K"",""0,38%"""
"13/07/2023,""253,15"",""259,00"",""259,00"",""252,50"",""18,28K"",""-3,64%"""
"12/07/2023,""262,70"",""260,15"",""262,70"",""260,15"",""227,68K"",""0,57%"""
"11/07/2023,""261,20"",""261,00"",""262,00"",""261,00"",""32,04K"",""0,02%"""
"10/07/2023,""261,15"",""262,00"",""264,00"",""261,00"",""22,05K"",""0,02%"""
"07/07/2023,""261,10"",""260,15"",""263,00"",""260,15"",""29,97K"",""-0,36%"""
"06/07/2023,""262,05"",""262,00"",""262,95"",""262,00"",""40,83K"",""-0,36%"""
"05/07/2023,""263,00"",""262,00"",""263,00"",""262,00"",""18,82K"",""0,38%"""
"04/07/2023,""262,00"",""264,00"",""264,00"",""260,00"",""16,51K"",""-0,76%"""
"03/07/2023,""264,00"",""264,00"",""264,00"",""264,00"",""112,39K"",""0,00%"""
"28/06/2023,""264,00"",""255,00"",""265,00"",""255,00"",""583,03K"",""1,54%"""
"27/06/2023,""260,00"",""250,05"",""260,00"",""250,05"",""104,70K"",""4,00%"""
"26/06/2023,""250,00"",""245,00"",""250,00"",""245,00"",""4,64K"",""2,02%"""
"23/06/2023,""245,05"",""245,00"",""250,00"",""245,00"",""51,71K"",""0,43%"""
"22/06/2023,""244,00"",""245,50"",""245,50"",""242,00"",""12,57K"",""-0,41%"""
"21/06/2023,""245,00"",""245,60"",""251,80"",""245,00"",""31,63K"",""-2,78%"""
"20/06/2023,""252,00"",""245,00"",""255,00"",""242,00"",""116,77K"",""2,86%"""
"19/06/2023,""245,00"",""242,05"",""245,00"",""242,00"",""2,37K"",""-1,21%"""
"16/06/2023,""248,00"",""244,95"",""248,00"",""238,00"",""25,22K"",""1,64%"""
"15/06/2023,""244,00"",""243,00"",""244,00"",""243,00"",""73,74K"",""0,00%"""
"14/06/2023,""244,00"",""238,70"",""244,00"",""238,60"",""154,92K"",""2,31%"""
"13/06/2023,""238,50"",""236,50"",""240,00"",""236,50"",""18,38K"",""-0,42%"""
"12/06/2023,""239,50"",""234,85"",""239,95"",""234,85"",""1,24K"",""-0,21%"""
"09/06/2023,""240,00"",""236,00"",""240,00"",""235,00"",""36,41K"",""1,65%"""
"08/06/2023,""236,10"",""235,20"",""236,10"",""235,20"",""0,85K"",""-0,78%"""
"07/06/2023,""237,95"",""235,00"",""237,95"",""235,00"",""0,15K"",""1,23%"""
"06/06/2023,""235,05"",""235,00"",""235,50"",""235,00"",""16,16K"",""0,02%"""
"05/06/2023,""235,00"",""234,00"",""235,00"",""234,00"",""293,36K"",""0,00%"""
"02/06/2023,""235,00"",""237,95"",""237,95"",""233,50"",""22,41K"",""0,41%"""
"01/06/2023,""234,05"",""233,50"",""237,00"",""233,50"",""19,31K"",""0,21%"""
"31/05/2023,""233,55"",""236,00"",""236,00"",""233,50"",""51,37K"",""-1,04%"""
"30/05/2023,""236,00"",""236,50"",""240,00"",""233,05"",""18,10K"",""0,00%"""
"29/05/2023,""236,00"",""234,00"",""236,00"",""234,00"",""475,84K"",""0,85%"""
"26/05/2023,""234,00"",""231,50"",""234,00"",""231,50"",""43,33K"",""1,08%"""
"25/05/2023,""231,50"",""230,10"",""232,95"",""230,10"",""16,68K"",""-0,64%"""
"24/05/2023,""233,00"",""231,00"",""233,00"",""230,00"",""34,18K"",""0,87%"""
"23/05/2023,""231,00"",""229,20"",""231,00"",""229,20"",""0,64K"",""0,79%"""
"22/05/2023,""229,20"",""229,00"",""232,00"",""229,00"",""1,08K"",""-0,78%"""
"19/05/2023,""231,00"",""232,00"",""232,00"",""230,00"",""0,40K"",""-0,43%"""
"18/05/2023,""232,00"",""232,95"",""232,95"",""232,00"",""0,01K"",""0,83%"""
"17/05/2023,""230,10"",""230,05"",""230,10"",""230,00"",""20,89K"",""-1,22%"""
"16/05/2023,""232,95"",""230,00"",""233,00"",""225,00"",""53,90K"",""0,84%"""
"15/05/2023,""231,00"",""231,00"",""231,00"",""230,00"",""10,78K"",""0,43%"""
"12/05/2023,""230,00"",""230,00"",""230,00"",""229,30"",""43,53K"",""0,88%"""
"11/05/2023,""228,00"",""228,50"",""228,50"",""228,00"",""6,29K"",""-0,22%"""
"10/05/2023,""228,50"",""228,90"",""229,00"",""228,50"",""2,01K"",""0,00%"""
"09/05/2023,""228,50"",""229,00"",""229,00"",""228,50"",""11,53K"",""-0,22%"""
"08/05/2023,""229,00"",""230,00"",""230,00"",""227,00"",""45,62K"",""0,88%"""
"05/05/2023,""227,00"",""230,00"",""230,00"",""227,00"",""0,04K"",""-0,04%"""
"04/05/2023,""227,10"",""227,55"",""230,00"",""227,00"",""0,90K"",""-0,20%"""
"03/05/2023,""227,55"",""229,50"",""229,50"",""227,50"",""0,65K"",""-0,42%"""
"02/05/2023,""228,50"",""230,00"",""230,00"",""228,00"",""6,92K"",""-0,13%"""
"28/04/2023,""228,80"",""228,80"",""230,00"",""228,80"",""3,52K"",""0,57%"""
"27/04/2023,""227,50"",""227,00"",""229,00"",""227,00"",""14,70K"",""-0,22%"""
"26/04/2023,""228,00"",""230,00"",""230,00"",""228,00"",""50,66K"",""-0,87%"""
"25/04/2023,""230,00"",""231,00"",""231,00"",""230,00"",""7,76K"",""-0,43%"""
"21/04/2023,""231,00"",""231,00"",""231,00"",""231,00"",""6,23K"",""0,43%"""
"20/04/2023,""230,00"",""230,00"",""231,50"",""229,10"",""64,51K"",""0,39%"""
"19/04/2023,""229,10"",""232,75"",""232,75"",""229,10"",""21,45K"",""0,04%"""
"18/04/2023,""229,00"",""227,20"",""229,10"",""227,20"",""27,87K"",""-0,43%"""
"17/04/2023,""230,00"",""230,00"",""230,00"",""230,00"",""0,12K"",""0,00%"""
"14/04/2023,""230,00"",""233,50"",""233,75"",""230,00"",""2,20K"",""-0,02%"""
"13/04/2023,""230,05"",""234,60"",""234,60"",""230,00"",""3,51K"",""-0,20%"""
"12/04/2023,""230,50"",""226,05"",""232,00"",""226,05"",""11,29K"",""0,66%"""
"11/04/2023,""229,00"",""230,00"",""231,00"",""229,00"",""31,58K"",""-0,48%"""
"10/04/2023,""230,10"",""231,00"",""231,00"",""230,10"",""44,62K"",""-0,20%"""
"07/04/2023,""230,55"",""230,00"",""230,55"",""230,00"",""13,00K"",""0,24%"""
"06/04/2023,""230,00"",""231,00"",""233,00"",""230,00"",""67,00K"",""-1,08%"""
"05/04/2023,""232,50"",""234,45"",""234,50"",""231,00"",""26,69K"",""0,65%"""
"04/04/2023,""231,00"",""234,90"",""234,90"",""230,00"",""6,53K"",""-2,10%"""
"03/04/2023,""235,95"",""230,00"",""235,95"",""230,00"",""3,04K"",""3,94%"""
"31/03/2023,""227,00"",""232,00"",""232,00"",""227,00"",""19,26K"",""-1,35%"""
"30/03/2023,""230,10"",""234,00"",""234,00"",""230,00"",""1,68K"",""-2,91%"""
"29/03/2023,""237,00"",""237,85"",""237,85"",""237,00"",""0,00K"",""0,85%"""
"28/03/2023,""235,00"",""229,05"",""238,60"",""229,00"",""0,80K"",""0,02%"""
"27/03/2023,""234,95"",""230,00"",""234,95"",""230,00"",""3,22K"",""2,15%"""
"24/03/2023,""230,00"",""236,00"",""236,00"",""230,00"",""77,49K"",""-1,71%"""
"23/03/2023,""234,00"",""234,00"",""234,00"",""234,00"",""30,20K"",""-0,43%"""
"22/03/2023,""235,00"",""233,00"",""235,00"",""233,00"",""34,26K"",""1,73%"""
"21/03/2023,""231,00"",""233,50"",""235,95"",""231,00"",""4,63K"",""-1,07%"""
"20/03/2023,""233,50"",""233,50"",""233,50"",""233,50"",""0,93K"",""-0,21%"""
"17/03/2023,""234,00"",""233,60"",""234,00"",""233,55"",""21,40K"",""-0,21%"""
"16/03/2023,""234,50"",""233,55"",""234,50"",""233,55"",""5,31K"",""0,39%"""
"15/03/2023,""233,60"",""233,60"",""235,00"",""233,60"",""43,60K"",""-1,04%"""
"14/03/2023,""236,05"",""235,00"",""236,05"",""233,60"",""23,56K"",""-0,02%"""
"13/03/2023,""236,10"",""235,00"",""236,10"",""235,00"",""36,87K"",""0,47%"""
"10/03/2023,""235,00"",""233,70"",""235,05"",""233,60"",""154,06K"",""0,62%"""
"09/03/2023,""233,55"",""234,00"",""234,00"",""233,55"",""18,47K"",""-0,19%"""
"08/03/2023,""234,00"",""233,05"",""234,00"",""233,00"",""9,57K"",""0,39%"""
"07/03/2023,""233,10"",""233,05"",""233,10"",""233,05"",""3,45K"",""0,04%"""
"06/03/2023,""233,00"",""236,95"",""237,00"",""230,00"",""8,74K"",""-1,27%"""
"03/03/2023,""236,00"",""236,00"",""237,00"",""236,00"",""23,41K"",""-0,86%"""
"02/03/2023,""238,05"",""239,00"",""240,00"",""238,05"",""6,05K"",""-0,40%"""
"01/03/2023,""239,00"",""242,00"",""243,00"",""238,00"",""32,24K"",""-1,24%"""
"28/02/2023,""242,00"",""239,95"",""242,00"",""239,95"",""2,59K"",""1,26%"""
"27/02/2023,""239,00"",""240,00"",""240,50"",""238,00"",""1,57K"",""-0,42%"""
"24/02/2023,""240,00"",""233,95"",""240,00"",""232,00"",""241,59K"",""3,90%"""
"23/02/2023,""231,00"",""228,05"",""234,00"",""228,05"",""53,67K"",""-1,20%"""
"22/02/2023,""233,80"",""225,15"",""233,80"",""225,10"",""283,48K"",""2,54%"""
"21/02/2023,""228,00"",""225,00"",""228,00"",""225,00"",""80,26K"",""1,31%"""
"20/02/2023,""225,05"",""225,10"",""225,10"",""225,05"",""6,90K"",""0,02%"""
"17/02/2023,""225,00"",""225,00"",""227,80"",""225,00"",""0,05K"",""0,00%"""
"16/02/2023,""225,00"",""227,25"",""227,25"",""225,00"",""64,80K"",""-1,06%"""
"15/02/2023,""227,40"",""225,00"",""227,40"",""225,00"",""20,00K"",""3,11%"""
"14/02/2023,""220,55"",""226,00"",""226,00"",""220,55"",""3,50K"",""-1,98%"""
"10/02/2023,""225,00"",""229,50"",""229,50"",""225,00"",""25,03K"",""-1,96%"""
"09/02/2023,""229,50"",""220,00"",""229,70"",""220,00"",""35,40K"",""2,00%"""
"08/02/2023,""225,00"",""223,45"",""230,00"",""222,00"",""26,91K"",""2,23%"""
"07/02/2023,""220,10"",""220,10"",""220,10"",""220,10"",""0,01K"",""-0,86%"""
"06/02/2023,""222,00"",""220,00"",""223,45"",""220,00"",""6,51K"",""0,45%"""
"03/02/2023,""221,00"",""222,00"",""222,00"",""220,00"",""110,99K"",""1,35%"""
"02/02/2023,""218,05"",""218,00"",""218,10"",""217,00"",""33,63K"",""0,02%"""
"01/02/2023,""218,00"",""221,95"",""221,95"",""218,00"",""27,63K"",""-2,46%"""
"31/01/2023,""223,50"",""215,50"",""223,50"",""215,50"",""12,68K"",""3,95%"""
"30/01/2023,""215,00"",""215,20"",""215,20"",""215,00"",""0,80K"",""-0,92%"""
"27/01/2023,""217,00"",""215,00"",""217,00"",""215,00"",""18,10K"",""0,00%"""
"26/01/2023,""217,00"",""216,05"",""221,80"",""216,00"",""18,21K"",""-1,36%"""
"25/01/2023,""220,00"",""222,00"",""222,00"",""216,05"",""0,70K"",""2,30%"""
"24/01/2023,""215,05"",""222,00"",""222,00"",""215,05"",""7,53K"",""-1,80%"""
"23/01/2023,""219,00"",""218,00"",""219,00"",""217,95"",""11,14K"",""0,50%"""
"20/01/2023,""217,90"",""218,00"",""224,00"",""217,90"",""51,36K"",""-0,11%"""
"19/01/2023,""218,15"",""224,00"",""224,85"",""218,15"",""20,95K"",""-1,16%"""
"18/01/2023,""220,70"",""220,00"",""222,05"",""220,00"",""60,17K"",""-0,59%"""
"17/01/2023,""222,00"",""220,00"",""222,00"",""220,00"",""0,01K"",""2,30%"""
"16/01/2023,""217,00"",""215,00"",""220,00"",""215,00"",""13,07K"",""0,93%"""
"13/01/2023,""215,00"",""218,00"",""227,00"",""215,00"",""3,43K"",""0,00%"""
"12/01/2023,""215,00"",""209,05"",""217,25"",""205,00"",""16,86K"",""4,88%"""
"10/01/2023,""205,00"",""200,05"",""205,00"",""200,00"",""24,88K"",""4,03%"""
"09/01/2023,""197,05"",""205,00"",""205,00"",""197,05"",""18,58K"",""1,26%"""
"06/01/2023,""194,60"",""219,00"",""219,00"",""194,60"",""74,53K"",""-5,99%"""
"05/01/2023,""207,00"",""225,00"",""225,00"",""207,00"",""12,25K"",""-5,91%"""
"04/01/2023,""220,00"",""225,00"",""229,95"",""220,00"",""36,95K"",""-2,18%"""
"03/01/2023,""224,90"",""225,35"",""225,35"",""224,90"",""7,15K"",""-0,93%"""
"02/01/2023,""227,00"",""230,10"",""230,10"",""227,00"",""16,37K"",""-1,73%"""
"30/12/2022,""231,00"",""234,15"",""234,15"",""231,00"",""293,33K"",""-3,35%"""
"29/12/2022,""239,00"",""234,00"",""239,00"",""234,00"",""204,56K"",""1,70%"""
"28/12/2022,""235,00"",""232,00"",""239,00"",""232,00"",""132,01K"",""2,17%"""
"27/12/2022,""230,00"",""230,05"",""232,00"",""230,00"",""131,09K"",""-2,09%"""
"26/12/2022,""234,90"",""234,90"",""234,90"",""234,90"",""124,23K"",""1,69%"""
"23/12/2022,""231,00"",""230,00"",""232,00"",""230,00"",""109,84K"",""-0,43%"""
"22/12/2022,""232,00"",""227,00"",""232,00"",""227,00"",""128,20K"",""-0,43%"""
"21/12/2022,""233,00"",""227,00"",""233,00"",""227,00"",""66,24K"",""2,64%"""
"20/12/2022,""227,00"",""230,00"",""230,00"",""226,70"",""11,53K"",""-1,30%"""
"19/12/2022,""230,00"",""230,00"",""230,00"",""230,00"",""0,20K"",""0,66%"""
"16/12/2022,""228,50"",""230,00"",""232,00"",""226,15"",""69,98K"",""-1,51%"""
"15/12/2022,""232,00"",""233,00"",""233,00"",""231,00"",""40,51K"",""-0,41%"""
"14/12/2022,""232,95"",""233,00"",""233,05"",""230,05"",""14,29K"",""-0,02%"""
"13/12/2022,""233,00"",""234,40"",""234,40"",""233,00"",""17,76K"",""0,00%"""
"12/12/2022,""233,00"",""236,90"",""236,90"",""230,05"",""17,99K"",""0,43%"""
"09/12/2022,""232,00"",""234,50"",""235,00"",""232,00"",""2,07K"",""-0,41%"""
"08/12/2022,""232,95"",""232,00"",""232,95"",""232,00"",""2,67K"",""-0,02%"""
"07/12/2022,""233,00"",""231,50"",""233,00"",""230,00"",""3,91K"",""-0,43%"""
"06/12/2022,""234,00"",""234,00"",""234,00"",""229,50"",""25,16K"",""1,08%"""
"05/12/2022,""231,50"",""234,00"",""234,00"",""230,00"",""33,24K"",""0,70%"""
"02/12/2022,""229,90"",""229,85"",""230,00"",""229,85"",""6,80K"",""0,02%"""
"01/12/2022,""229,85"",""225,05"",""233,95"",""225,05"",""8,61K"",""1,26%"""
"30/11/2022,""227,00"",""230,00"",""230,00"",""227,00"",""45,64K"",""-1,30%"""
"29/11/2022,""230,00"",""230,10"",""234,80"",""230,00"",""9,57K"",""0,88%"""
"28/11/2022,""228,00"",""230,00"",""230,10"",""228,00"",""3,90K"",""-0,87%"""
"25/11/2022,""230,00"",""228,05"",""230,00"",""228,00"",""59,50K"",""0,00%"""
"24/11/2022,""230,00"",""230,00"",""230,00"",""230,00"",""0,89K"",""0,00%"""
"23/11/2022,""230,00"",""226,95"",""230,00"",""223,15"",""6,05K"",""1,34%"""
"22/11/2022,""226,95"",""228,80"",""235,00"",""226,95"",""5,30K"",""0,02%"""
"21/11/2022,""226,90"",""231,00"",""231,00"",""226,90"",""6,95K"",""-0,04%"""
"17/11/2022,""227,00"",""220,00"",""227,00"",""220,00"",""29,86K"",""3,16%"""
"16/11/2022,""220,05"",""222,00"",""223,00"",""220,00"",""18,46K"",""0,02%"""
"15/11/2022,""220,00"",""218,00"",""222,50"",""218,00"",""23,52K"",""0,96%"""
"14/11/2022,""217,90"",""211,00"",""218,00"",""211,00"",""14,22K"",""3,76%"""
"11/11/2022,""210,00"",""217,00"",""217,00"",""210,00"",""56,25K"",""-2,33%"""
"10/11/2022,""215,00"",""216,10"",""218,00"",""215,00"",""65,06K"",""-1,38%"""
"09/11/2022,""218,00"",""220,00"",""220,00"",""218,00"",""38,31K"",""-0,91%"""
"08/11/2022,""220,00"",""221,00"",""221,00"",""219,00"",""40,58K"",""-0,45%"""
"07/11/2022,""221,00"",""219,40"",""221,00"",""219,20"",""15,83K"",""0,55%"""
"04/11/2022,""219,80"",""220,50"",""220,50"",""219,80"",""36,85K"",""-0,09%"""
"03/11/2022,""220,00"",""220,00"",""220,50"",""219,00"",""11,65K"",""0,00%"""
"02/11/2022,""220,00"",""220,00"",""220,50"",""220,00"",""41,20K"",""0,00%"""
"01/11/2022,""220,00"",""220,00"",""220,00"",""220,00"",""25,13K"",""0,00%"""
"31/10/2022,""220,00"",""220,00"",""220,00"",""220,00"",""30,99K"",""0,00%"""
"28/10/2022,""220,00"",""220,00"",""220,00"",""220,00"",""9,02K"",""-0,90%"""
"27/10/2022,""222,00"",""215,30"",""225,00"",""215,30"",""9,96K"",""3,26%"""
"26/10/2022,""215,00"",""224,05"",""224,05"",""215,00"",""55,07K"",""-4,02%"""
"25/10/2022,""224,00"",""225,00"",""225,00"",""223,50"",""4,58K"",""0,04%"""
"24/10/2022,""223,90"",""223,90"",""223,90"",""223,90"",""1,86K"",""0,00%"""
"21/10/2022,""223,90"",""224,10"",""225,00"",""223,00"",""9,19K"",""-0,04%"""
"20/10/2022,""224,00"",""230,00"",""230,00"",""224,00"",""48,37K"",""-4,68%"""
"19/10/2022,""235,00"",""235,00"",""235,00"",""235,00"",""2,55K"",""0,00%"""
"18/10/2022,""235,00"",""235,00"",""235,00"",""235,00"",""2,56K"",""0,00%"""
"17/10/2022,""235,00"",""236,50"",""236,50"",""228,10"",""49,08K"",""-0,80%"""
"14/10/2022,""236,90"",""239,05"",""239,90"",""236,90"",""32,73K"",""-1,29%"""
"13/10/2022,""240,00"",""240,20"",""242,00"",""238,00"",""96,87K"",""0,00%"""
"12/10/2022,""240,00"",""243,95"",""243,95"",""240,00"",""5,86K"",""-2,04%"""
"11/10/2022,""245,00"",""242,00"",""245,00"",""240,00"",""6,69K"",""1,24%"""
"07/10/2022,""242,00"",""241,05"",""242,90"",""241,05"",""7,02K"",""-0,82%"""
"06/10/2022,""244,00"",""243,00"",""244,00"",""243,00"",""10,25K"",""0,41%"""
"05/10/2022,""243,00"",""239,00"",""243,00"",""239,00"",""22,09K"",""0,00%"""
"04/10/2022,""243,00"",""237,15"",""243,00"",""237,15"",""1,29K"",""1,25%"""
"03/10/2022,""240,00"",""244,00"",""244,00"",""240,00"",""2,58K"",""-1,23%"""
"30/09/2022,""243,00"",""251,00"",""251,00"",""236,00"",""264,06K"",""0,41%"""
"29/09/2022,""242,00"",""250,00"",""250,00"",""238,50"",""184,54K"",""-1,22%"""
"28/09/2022,""245,00"",""253,00"",""253,00"",""245,00"",""17,91K"",""-3,52%"""
"27/09/2022,""253,95"",""255,50"",""255,50"",""253,95"",""7,93K"",""-0,76%"""
"26/09/2022,""255,90"",""256,00"",""256,00"",""255,90"",""5,30K"",""-0,04%"""
"23/09/2022,""256,00"",""255,50"",""256,00"",""255,50"",""11,46K"",""0,00%"""
"22/09/2022,""256,00"",""257,95"",""257,95"",""256,00"",""6,89K"",""-0,76%"""
"21/09/2022,""257,95"",""256,50"",""257,95"",""256,00"",""10,52K"",""0,57%"""
"20/09/2022,""256,50"",""255,20"",""256,50"",""255,10"",""4,59K"",""0,00%"""
"19/09/2022,""256,50"",""258,90"",""258,90"",""256,50"",""6,78K"",""0,00%"""
"16/09/2022,""256,50"",""255,15"",""256,50"",""255,15"",""28,12K"",""0,20%"""
"15/09/2022,""256,00"",""256,00"",""256,00"",""256,00"",""0,28K"",""0,00%"""
"14/09/2022,""256,00"",""256,00"",""259,00"",""256,00"",""7,47K"",""0,00%"""
"13/09/2022,""256,00"",""255,10"",""256,00"",""255,10"",""27,24K"",""-0,31%"""
"12/09/2022,""256,80"",""256,80"",""256,80"",""256,80"",""0,01K"",""0,31%"""
"09/09/2022,""256,00"",""256,00"",""256,00"",""256,00"",""7,65K"",""0,39%"""
"08/09/2022,""255,00"",""255,05"",""255,05"",""252,70"",""1,84K"",""-0,02%"""
"07/09/2022,""255,05"",""256,00"",""256,00"",""255,05"",""11,39K"",""-0,37%"""
"06/09/2022,""256,00"",""259,00"",""259,00"",""256,00"",""1,08K"",""-0,39%"""
"05/09/2022,""257,00"",""257,00"",""257,00"",""257,00"",""1,92K"",""-0,54%"""
"02/09/2022,""258,40"",""256,00"",""258,40"",""254,00"",""13,74K"",""0,94%"""
"01/09/2022,""256,00"",""256,00"",""256,00"",""256,00"",""0,57K"",""0,00%"""
"31/08/2022,""256,00"",""255,00"",""256,50"",""255,00"",""9,01K"",""-0,39%"""
"30/08/2022,""257,00"",""257,00"",""258,00"",""257,00"",""2,62K"",""-0,77%"""
"29/08/2022,""259,00"",""257,00"",""259,00"",""257,00"",""1,56K"",""0,39%"""
"26/08/2022,""258,00"",""256,00"",""258,50"",""256,00"",""25,21K"",""0,00%"""
"25/08/2022,""258,00"",""256,00"",""258,95"",""256,00"",""20,53K"",""0,00%"""
"24/08/2022,""258,00"",""257,00"",""258,00"",""257,00"",""16,25K"",""-0,39%"""
"23/08/2022,""259,00"",""259,00"",""259,00"",""259,00"",""10,00K"",""0,00%"""
"22/08/2022,""259,00"",""257,00"",""263,00"",""257,00"",""6,29K"",""-0,35%"""
"19/08/2022,""259,90"",""259,00"",""261,00"",""258,15"",""13,61K"",""0,74%"""
"18/08/2022,""258,00"",""261,00"",""261,00"",""258,00"",""5,16K"",""-0,77%"""
"17/08/2022,""260,00"",""258,00"",""260,00"",""258,00"",""6,04K"",""0,00%"""
"16/08/2022,""260,00"",""260,00"",""261,00"",""258,00"",""23,09K"",""0,19%"""
"15/08/2022,""259,50"",""259,00"",""259,50"",""259,00"",""17,60K"",""-0,17%"""
"12/08/2022,""259,95"",""258,00"",""259,95"",""258,00"",""24,12K"",""0,76%"""
"11/08/2022,""258,00"",""255,50"",""258,00"",""255,00"",""20,28K"",""1,18%"""
"10/08/2022,""255,00"",""255,00"",""256,50"",""255,00"",""2,82K"",""0,00%"""
"09/08/2022,""255,00"",""250,05"",""255,00"",""250,00"",""7,63K"",""2,00%"""
"08/08/2022,""250,00"",""255,00"",""255,00"",""250,00"",""0,17K"",""-1,96%"""
"05/08/2022,""255,00"",""255,00"",""255,00"",""255,00"",""7,92K"",""2,00%"""
"04/08/2022,""250,00"",""250,00"",""254,90"",""250,00"",""5,17K"",""0,00%"""
"03/08/2022,""250,00"",""250,10"",""252,00"",""249,00"",""1,75K"",""-0,04%"""
"02/08/2022,""250,10"",""250,00"",""250,10"",""250,00"",""0,91K"",""0,04%"""
"01/08/2022,""250,00"",""252,00"",""252,00"",""249,95"",""4,72K"",""0,00%"""
"29/07/2022,""250,00"",""250,10"",""251,00"",""250,00"",""0,55K"",""0,00%"""
"28/07/2022,""250,00"",""253,45"",""253,45"",""250,00"",""13,54K"",""-0,79%"""
"27/07/2022,""252,00"",""248,00"",""252,00"",""248,00"",""2,50K"",""0,20%"""
"26/07/2022,""251,50"",""251,50"",""251,50"",""251,50"",""19,19K"",""1,37%"""
"25/07/2022,""248,10"",""252,00"",""252,00"",""248,00"",""2,58K"",""-1,55%"""
"22/07/2022,""252,00"",""254,95"",""255,00"",""252,00"",""21,07K"",""-0,04%"""
"21/07/2022,""252,10"",""252,15"",""252,15"",""252,00"",""1,55K"",""0,02%"""
"20/07/2022,""252,05"",""257,80"",""257,80"",""252,05"",""7,16K"",""0,02%"""
"19/07/2022,""252,00"",""251,00"",""252,00"",""251,00"",""0,04K"",""0,40%"""
"18/07/2022,""251,00"",""251,00"",""251,00"",""251,00"",""0,55K"",""0,00%"""
"15/07/2022,""251,00"",""252,70"",""252,90"",""250,00"",""16,14K"",""1,21%"""
"14/07/2022,""248,00"",""252,00"",""252,00"",""245,25"",""1,21K"",""0,00%"""
"13/07/2022,""248,00"",""250,00"",""255,00"",""245,30"",""0,71K"",""-3,13%"""
"12/07/2022,""256,00"",""259,00"",""259,95"",""255,00"",""215,99K"",""0,39%"""
"08/07/2022,""255,00"",""250,10"",""255,00"",""248,00"",""127,20K"",""0,79%"""
"07/07/2022,""253,00"",""252,00"",""253,00"",""250,00"",""116,37K"",""0,40%"""
"06/07/2022,""252,00"",""246,15"",""252,00"",""246,10"",""13,31K"",""2,44%"""
"05/07/2022,""246,00"",""249,00"",""253,00"",""246,00"",""23,47K"",""0,00%"""
"04/07/2022,""246,00"",""250,00"",""250,00"",""245,00"",""54,81K"",""0,41%"""
"01/07/2022,""245,00"",""254,00"",""254,00"",""245,00"",""41,82K"",""-3,88%"""
"30/06/2022,""254,90"",""255,00"",""255,00"",""254,90"",""80,01K"",""0,35%"""
"29/06/2022,""254,00"",""255,00"",""260,00"",""254,00"",""84,09K"",""-0,37%"""
"28/06/2022,""254,95"",""254,95"",""254,95"",""251,00"",""0,09K"",""-0,02%"""
"27/06/2022,""255,00"",""254,90"",""255,00"",""254,85"",""0,17K"",""0,00%"""
"24/06/2022,""255,00"",""255,00"",""255,00"",""255,00"",""0,03K"",""2,41%"""
"23/06/2022,""249,00"",""251,00"",""255,00"",""249,00"",""46,95K"",""-0,80%"""
"22/06/2022,""251,00"",""253,00"",""253,00"",""251,00"",""70,12K"",""-0,79%"""
"21/06/2022,""253,00"",""254,85"",""255,00"",""253,00"",""143,46K"",""-0,73%"""
"20/06/2022,""254,85"",""254,85"",""254,85"",""254,85"",""0,53K"",""0,73%"""
"17/06/2022,""253,00"",""253,00"",""255,00"",""252,95"",""59,10K"",""-0,78%"""
"16/06/2022,""255,00"",""260,00"",""260,00"",""253,00"",""23,06K"",""0,79%"""
"15/06/2022,""253,00"",""253,00"",""255,00"",""250,05"",""99,45K"",""0,00%"""
"14/06/2022,""253,00"",""255,20"",""255,20"",""253,00"",""20,64K"",""-2,69%"""
"13/06/2022,""260,00"",""259,95"",""260,00"",""256,05"",""2,22K"",""0,00%"""
"10/06/2022,""260,00"",""262,00"",""262,00"",""258,00"",""15,27K"",""-0,76%"""
"09/06/2022,""262,00"",""262,00"",""262,00"",""260,05"",""19,63K"",""0,00%"""
"08/06/2022,""262,00"",""258,00"",""262,00"",""256,75"",""20,41K"",""1,55%"""
"07/06/2022,""258,00"",""255,00"",""264,50"",""255,00"",""42,28K"",""-2,59%"""
"06/06/2022,""264,85"",""264,85"",""264,85"",""264,85"",""0,00K"",""2,66%"""
"03/06/2022,""258,00"",""265,95"",""265,95"",""255,00"",""328,27K"",""1,18%"""
"02/06/2022,""255,00"",""253,00"",""255,00"",""252,05"",""9,17K"",""1,23%"""
"01/06/2022,""251,90"",""251,90"",""251,90"",""251,90"",""0,03K"",""2,82%"""
"31/05/2022,""245,00"",""250,00"",""250,00"",""245,00"",""95,31K"",""-2,00%"""
"30/05/2022,""250,00"",""250,90"",""250,90"",""250,00"",""15,85K"",""-0,36%"""
"27/05/2022,""250,90"",""253,00"",""253,00"",""250,00"",""9,34K"",""-0,83%"""
"26/05/2022,""253,00"",""254,00"",""255,00"",""253,00"",""40,91K"",""-0,78%"""
"25/05/2022,""255,00"",""253,00"",""255,00"",""250,00"",""4,19K"",""0,77%"""
"24/05/2022,""253,05"",""260,90"",""260,90"",""251,00"",""28,61K"",""-0,76%"""
"23/05/2022,""255,00"",""253,10"",""255,00"",""251,55"",""7,11K"",""0,79%"""
"20/05/2022,""253,00"",""255,05"",""255,05"",""253,00"",""32,05K"",""-1,56%"""
"19/05/2022,""257,00"",""264,90"",""264,90"",""256,00"",""9,14K"",""0,00%"""
"18/05/2022,""257,00"",""256,00"",""257,00"",""256,00"",""16,23K"",""1,58%"""
"16/05/2022,""253,00"",""262,95"",""262,95"",""253,00"",""5,55K"",""-1,90%"""
"13/05/2022,""257,90"",""258,00"",""258,00"",""257,00"",""1,35K"",""1,14%"""
"12/05/2022,""255,00"",""256,00"",""257,00"",""255,00"",""4,18K"",""0,00%"""
"11/05/2022,""255,00"",""261,00"",""261,00"",""255,00"",""17,80K"",""0,00%"""
"10/05/2022,""255,00"",""262,00"",""262,00"",""255,00"",""34,61K"",""-2,67%"""
"09/05/2022,""262,00"",""265,50"",""265,50"",""262,00"",""14,44K"",""-1,32%"""
"06/05/2022,""265,50"",""265,50"",""265,50"",""265,00"",""11,86K"",""-0,19%"""
"05/05/2022,""266,00"",""266,90"",""266,90"",""265,00"",""13,83K"",""-0,37%"""
"29/04/2022,""267,00"",""267,00"",""267,00"",""267,00"",""22,01K"",""-0,37%"""
"28/04/2022,""268,00"",""266,00"",""268,00"",""266,00"",""0,05K"",""0,37%"""
"27/04/2022,""267,00"",""265,00"",""268,00"",""265,00"",""1,44K"",""0,75%"""
"26/04/2022,""265,00"",""268,00"",""268,00"",""265,00"",""22,50K"",""-1,12%"""
"25/04/2022,""268,00"",""269,00"",""269,00"",""266,05"",""35,10K"",""0,73%"""
"22/04/2022,""266,05"",""266,00"",""268,00"",""266,00"",""10,80K"",""0,02%"""
"21/04/2022,""266,00"",""266,00"",""268,00"",""266,00"",""28,97K"",""-0,75%"""
"20/04/2022,""268,00"",""268,40"",""268,40"",""266,00"",""9,00K"",""0,73%"""
"19/04/2022,""266,05"",""267,00"",""268,40"",""266,00"",""3,14K"",""-0,88%"""
"18/04/2022,""268,40"",""268,40"",""268,40"",""268,40"",""0,01K"",""0,90%"""
"15/04/2022,""266,00"",""268,00"",""268,40"",""266,00"",""8,18K"",""-0,93%"""
"14/04/2022,""268,50"",""266,10"",""268,85"",""266,05"",""44,01K"",""0,90%"""
"13/04/2022,""266,10"",""266,00"",""266,50"",""266,00"",""18,62K"",""-0,71%"""
"12/04/2022,""268,00"",""263,55"",""268,85"",""263,55"",""2,08K"",""0,75%"""
"11/04/2022,""266,00"",""266,00"",""266,00"",""266,00"",""0,57K"",""0,00%"""
"08/04/2022,""266,00"",""266,30"",""266,30"",""266,00"",""25,78K"",""0,30%"""
"07/04/2022,""265,20"",""265,20"",""266,05"",""265,20"",""42,24K"",""-1,78%"""
"06/04/2022,""270,00"",""262,05"",""270,00"",""262,05"",""0,11K"",""1,69%"""
"05/04/2022,""265,50"",""265,00"",""265,50"",""265,00"",""42,25K"",""0,38%"""
"04/04/2022,""264,50"",""276,80"",""276,80"",""261,20"",""19,31K"",""-0,56%"""
"01/04/2022,""266,00"",""266,90"",""266,95"",""266,00"",""1,71K"",""-0,37%"""
"31/03/2022,""267,00"",""265,00"",""267,00"",""265,00"",""1,00K"",""0,79%"""
"30/03/2022,""264,90"",""260,00"",""266,00"",""260,00"",""3,76K"",""-0,41%"""
"29/03/2022,""266,00"",""264,95"",""266,00"",""257,50"",""2,41K"",""3,50%"""
"28/03/2022,""257,00"",""261,00"",""261,00"",""257,00"",""0,92K"",""-1,15%"""
"25/03/2022,""260,00"",""265,00"",""265,00"",""260,00"",""6,30K"",""1,56%"""
"24/03/2022,""256,00"",""260,00"",""260,00"",""256,00"",""19,09K"",""-1,54%"""
"23/03/2022,""260,00"",""265,10"",""265,10"",""260,00"",""86,06K"",""-1,92%"""
"22/03/2022,""265,10"",""266,50"",""268,00"",""265,10"",""4,18K"",""-0,53%"""
"21/03/2022,""266,50"",""269,60"",""276,40"",""266,50"",""4,15K"",""-0,93%"""
"18/03/2022,""269,00"",""269,00"",""269,50"",""268,05"",""36,48K"",""0,37%"""
"17/03/2022,""268,00"",""269,95"",""269,95"",""268,00"",""28,89K"",""0,98%"""
"16/03/2022,""265,40"",""269,95"",""269,95"",""265,05"",""47,08K"",""0,15%"""
"15/03/2022,""265,00"",""272,50"",""272,50"",""264,00"",""18,21K"",""-0,04%"""
"14/03/2022,""265,10"",""270,60"",""270,75"",""265,10"",""0,05K"",""0,04%"""
"11/03/2022,""265,00"",""260,00"",""270,00"",""260,00"",""59,24K"",""1,92%"""
"10/03/2022,""260,00"",""264,55"",""270,00"",""260,00"",""5,77K"",""-2,22%"""
"09/03/2022,""265,90"",""275,30"",""275,30"",""263,00"",""8,97K"",""1,88%"""
"08/03/2022,""261,00"",""260,00"",""265,00"",""260,00"",""76,75K"",""0,38%"""
"07/03/2022,""260,00"",""272,50"",""272,50"",""260,00"",""21,68K"",""-3,70%"""
"04/03/2022,""270,00"",""272,00"",""274,95"",""270,00"",""51,27K"",""-0,37%"""
"03/03/2022,""271,00"",""273,00"",""273,50"",""271,00"",""14,98K"",""-1,09%"""
"02/03/2022,""274,00"",""272,60"",""279,00"",""272,60"",""5,91K"",""-0,36%"""
"01/03/2022,""275,00"",""271,00"",""279,95"",""271,00"",""20,51K"",""0,00%"""
"28/02/2022,""275,00"",""275,00"",""279,00"",""275,00"",""83,25K"",""0,00%"""
"25/02/2022,""275,00"",""270,50"",""284,00"",""270,50"",""29,56K"",""1,66%"""
"24/02/2022,""270,50"",""286,50"",""288,00"",""270,20"",""147,86K"",""-5,42%"""
"23/02/2022,""286,00"",""288,00"",""288,00"",""285,00"",""184,86K"",""0,35%"""
"22/02/2022,""285,00"",""286,00"",""286,00"",""282,00"",""10,91K"",""-0,35%"""
"21/02/2022,""286,00"",""288,00"",""288,00"",""286,00"",""24,31K"",""-0,69%"""
"18/02/2022,""288,00"",""288,05"",""288,05"",""287,95"",""43,85K"",""0,00%"""
"17/02/2022,""288,00"",""288,00"",""288,00"",""288,00"",""7,36K"",""0,00%"""
"16/02/2022,""288,00"",""288,05"",""288,50"",""288,00"",""21,62K"",""-0,69%"""
"15/02/2022,""290,00"",""290,00"",""290,00"",""285,60"",""27,61K"",""0,00%"""
"14/02/2022,""290,00"",""295,00"",""295,00"",""290,00"",""28,17K"",""-1,54%"""
"11/02/2022,""294,55"",""294,05"",""295,00"",""294,05"",""29,24K"",""-0,15%"""
"10/02/2022,""295,00"",""294,00"",""295,00"",""293,00"",""6,60K"",""0,85%"""
"09/02/2022,""292,50"",""295,00"",""295,00"",""292,50"",""35,08K"",""-0,51%"""
"08/02/2022,""294,00"",""291,00"",""294,00"",""291,00"",""22,67K"",""0,02%"""
"07/02/2022,""293,95"",""290,60"",""293,95"",""290,60"",""9,68K"",""0,67%"""
"04/02/2022,""292,00"",""292,00"",""292,00"",""292,00"",""33,84K"",""0,00%"""
"03/02/2022,""292,00"",""289,50"",""292,00"",""289,50"",""84,26K"",""1,21%"""
"02/02/2022,""288,50"",""286,00"",""288,50"",""286,00"",""109,69K"",""0,87%"""
"01/02/2022,""286,00"",""287,50"",""287,50"",""286,00"",""17,38K"",""-0,35%"""
"31/01/2022,""287,00"",""287,00"",""287,00"",""287,00"",""0,01K"",""0,00%"""
"28/01/2022,""287,00"",""287,10"",""288,00"",""286,05"",""34,59K"",""-0,03%"""
"27/01/2022,""287,10"",""288,00"",""288,00"",""287,10"",""3,88K"",""0,02%"""
"26/01/2022,""287,05"",""287,00"",""288,00"",""287,00"",""11,28K"",""-0,33%"""
"25/01/2022,""288,00"",""289,95"",""289,95"",""287,50"",""43,31K"",""0,00%"""
"24/01/2022,""288,00"",""288,00"",""288,00"",""287,00"",""19,14K"",""0,00%"""
"21/01/2022,""288,00"",""289,00"",""289,00"",""288,00"",""211,22K"",""-0,05%"""
"20/01/2022,""288,15"",""288,00"",""289,00"",""288,00"",""26,94K"",""0,05%"""
"19/01/2022,""288,00"",""290,00"",""290,00"",""288,00"",""42,74K"",""-0,35%"""
"18/01/2022,""289,00"",""289,10"",""289,10"",""289,00"",""24,63K"",""0,02%"""
"17/01/2022,""288,95"",""293,00"",""293,00"",""288,00"",""99,64K"",""-0,36%"""
"14/01/2022,""290,00"",""286,95"",""290,00"",""285,00"",""160,69K"",""1,05%"""
"13/01/2022,""287,00"",""285,00"",""287,00"",""280,00"",""28,31K"",""0,35%"""
"12/01/2022,""286,00"",""286,00"",""287,00"",""286,00"",""29,20K"",""0,70%"""
"10/01/2022,""284,00"",""285,90"",""286,00"",""284,00"",""11,06K"",""0,00%"""
"07/01/2022,""284,00"",""280,95"",""284,90"",""280,95"",""48,42K"",""1,09%"""
"06/01/2022,""280,95"",""280,95"",""280,95"",""278,30"",""28,08K"",""1,06%"""
"05/01/2022,""278,00"",""281,85"",""281,85"",""278,00"",""15,68K"",""0,00%"""
"04/01/2022,""278,00"",""277,05"",""280,00"",""277,05"",""0,80K"",""0,00%"""
"03/01/2022,""278,00"",""278,00"",""279,00"",""278,00"",""19,66K"",""-1,05%"""
"31/12/2021,""280,95"",""280,50"",""280,95"",""279,00"",""40,04K"",""0,18%"""
"30/12/2021,""280,45"",""280,20"",""280,45"",""279,05"",""22,45K"",""0,16%"""
"29/12/2021,""280,00"",""278,00"",""280,00"",""278,00"",""16,51K"",""0,00%"""
"28/12/2021,""280,00"",""277,60"",""280,00"",""277,60"",""25,96K"",""0,02%"""
"27/12/2021,""279,95"",""278,50"",""279,95"",""278,00"",""8,28K"",""0,52%"""
"24/12/2021,""278,50"",""278,00"",""278,50"",""278,00"",""17,73K"",""-0,52%"""
"23/12/2021,""279,95"",""279,95"",""279,95"",""277,50"",""10,98K"",""0,52%"""
"22/12/2021,""278,50"",""278,00"",""279,95"",""278,00"",""10,13K"",""-0,52%"""
"21/12/2021,""279,95"",""278,00"",""279,95"",""278,00"",""7,67K"",""1,05%"""
"20/12/2021,""277,05"",""280,00"",""280,00"",""277,05"",""17,24K"",""-1,05%"""
"17/12/2021,""280,00"",""277,00"",""280,00"",""277,00"",""79,17K"",""0,00%"""
"16/12/2021,""280,00"",""277,00"",""280,00"",""277,00"",""5,92K"",""1,08%"""
"15/12/2021,""277,00"",""277,00"",""277,00"",""277,00"",""18,63K"",""0,00%"""
"14/12/2021,""277,00"",""280,00"",""280,00"",""277,00"",""216,33K"",""-1,07%"""
"13/12/2021,""280,00"",""280,00"",""280,50"",""278,00"",""20,98K"",""0,00%"""
"10/12/2021,""280,00"",""280,00"",""280,50"",""280,00"",""177,60K"",""0,02%"""
"09/12/2021,""279,95"",""280,00"",""280,00"",""278,50"",""50,27K"",""-0,02%"""
"08/12/2021,""280,00"",""276,70"",""280,00"",""276,60"",""51,69K"",""0,00%"""
"07/12/2021,""280,00"",""279,45"",""280,00"",""276,10"",""49,66K"",""1,63%"""
"06/12/2021,""275,50"",""276,00"",""276,00"",""275,50"",""3,36K"",""-0,56%"""
"03/12/2021,""277,05"",""279,95"",""279,95"",""277,00"",""17,40K"",""-0,70%"""
"02/12/2021,""279,00"",""276,10"",""279,00"",""276,10"",""29,64K"",""-0,36%"""
"01/12/2021,""280,00"",""275,00"",""280,00"",""275,00"",""17,06K"",""1,45%"""
"30/11/2021,""276,00"",""279,90"",""279,90"",""276,00"",""93,26K"",""-0,18%"""
"29/11/2021,""276,50"",""275,00"",""276,50"",""273,00"",""4,26K"",""-0,25%"""
"26/11/2021,""277,20"",""278,10"",""278,20"",""277,05"",""53,35K"",""-1,32%"""
"25/11/2021,""280,90"",""279,50"",""280,90"",""277,05"",""3,64K"",""0,00%"""
"24/11/2021,""280,90"",""279,50"",""280,90"",""279,50"",""59,38K"",""0,50%"""
"23/11/2021,""279,50"",""280,00"",""280,00"",""279,50"",""27,88K"",""-0,18%"""
"22/11/2021,""280,00"",""279,50"",""280,00"",""279,00"",""27,31K"",""0,36%"""
"19/11/2021,""279,00"",""279,10"",""279,50"",""279,00"",""60,39K"",""0,00%"""
"17/11/2021,""279,00"",""278,95"",""280,00"",""278,95"",""71,31K"",""0,36%"""
"16/11/2021,""278,00"",""278,00"",""278,00"",""278,00"",""43,98K"",""0,00%"""
"15/11/2021,""278,00"",""278,80"",""278,80"",""278,00"",""33,61K"",""0,00%"""
"12/11/2021,""278,00"",""279,00"",""279,00"",""278,00"",""51,80K"",""-0,36%"""
"11/11/2021,""279,00"",""278,05"",""279,00"",""278,00"",""11,98K"",""0,00%"""
"10/11/2021,""279,00"",""280,00"",""280,00"",""279,00"",""65,24K"",""-0,36%"""
"09/11/2021,""280,00"",""282,00"",""283,95"",""280,00"",""38,43K"",""0,00%"""
"08/11/2021,""280,00"",""280,60"",""280,60"",""280,00"",""0,36K"",""-0,71%"""
"05/11/2021,""282,00"",""284,90"",""284,90"",""281,00"",""25,03K"",""-0,18%"""
"04/11/2021,""282,50"",""284,25"",""285,55"",""282,50"",""78,29K"",""-0,02%"""
"03/11/2021,""282,55"",""282,25"",""284,00"",""282,25"",""67,94K"",""0,11%"""
"02/11/2021,""282,25"",""282,20"",""284,00"",""281,00"",""179,90K"",""0,62%"""
"01/11/2021,""280,50"",""287,50"",""287,50"",""280,50"",""50,65K"",""-2,43%"""
"29/10/2021,""287,50"",""282,00"",""287,50"",""282,00"",""154,51K"",""1,95%"""
"28/10/2021,""282,00"",""282,10"",""287,90"",""281,00"",""87,82K"",""-0,35%"""
"27/10/2021,""283,00"",""280,00"",""288,45"",""280,00"",""131,86K"",""1,07%"""
"26/10/2021,""280,00"",""276,90"",""280,00"",""276,90"",""140,63K"",""0,72%"""
"25/10/2021,""278,00"",""274,00"",""278,00"",""274,00"",""112,45K"",""1,04%"""
"22/10/2021,""275,15"",""272,20"",""275,15"",""272,20"",""17,56K"",""0,05%"""
"21/10/2021,""275,00"",""273,00"",""275,00"",""272,15"",""68,16K"",""0,04%"""
"18/10/2021,""274,90"",""273,00"",""274,90"",""273,00"",""10,13K"",""-0,04%"""
"15/10/2021,""275,00"",""274,00"",""275,00"",""272,60"",""36,48K"",""0,36%"""
"14/10/2021,""274,00"",""274,00"",""274,00"",""273,00"",""23,86K"",""0,37%"""
"13/10/2021,""273,00"",""273,00"",""273,00"",""272,10"",""26,19K"",""0,00%"""
"12/10/2021,""273,00"",""272,10"",""273,00"",""272,10"",""2,49K"",""0,35%"""
"11/10/2021,""272,05"",""271,15"",""275,00"",""271,15"",""9,09K"",""-1,04%"""
"08/10/2021,""274,90"",""271,25"",""274,90"",""271,25"",""11,76K"",""1,38%"""
"07/10/2021,""271,15"",""271,20"",""273,00"",""271,15"",""1,91K"",""-0,31%"""
"06/10/2021,""272,00"",""270,65"",""272,00"",""270,55"",""6,54K"",""0,50%"""
"05/10/2021,""270,65"",""272,05"",""272,05"",""270,50"",""6,00K"",""-1,56%"""
"04/10/2021,""274,95"",""272,30"",""274,95"",""270,20"",""21,20K"",""-0,09%"""
"01/10/2021,""275,20"",""273,05"",""275,20"",""273,00"",""27,48K"",""-0,29%"""
"30/09/2021,""276,00"",""274,50"",""276,00"",""272,00"",""24,76K"",""0,36%"""
"29/09/2021,""275,00"",""274,05"",""275,00"",""274,05"",""5,13K"",""-0,38%"""
"28/09/2021,""276,05"",""275,00"",""276,05"",""272,70"",""17,68K"",""0,38%"""
"27/09/2021,""275,00"",""276,95"",""276,95"",""272,05"",""51,53K"",""-0,36%"""
"24/09/2021,""276,00"",""271,00"",""278,00"",""271,00"",""162,11K"",""1,25%"""
"23/09/2021,""272,60"",""271,00"",""273,00"",""271,00"",""37,23K"",""0,59%"""
"22/09/2021,""271,00"",""269,70"",""271,00"",""269,60"",""52,91K"",""0,00%"""
"21/09/2021,""271,00"",""270,00"",""271,00"",""269,50"",""19,29K"",""0,35%"""
"20/09/2021,""270,05"",""271,10"",""271,10"",""270,05"",""33,67K"",""-0,41%"""
"17/09/2021,""271,15"",""271,00"",""272,00"",""270,00"",""27,22K"",""0,43%"""
"16/09/2021,""270,00"",""270,00"",""270,00"",""269,00"",""22,22K"",""0,00%"""
"15/09/2021,""270,00"",""270,05"",""270,05"",""268,25"",""32,67K"",""-0,02%"""
"14/09/2021,""270,05"",""270,05"",""271,50"",""270,00"",""10,31K"",""-0,72%"""
"13/09/2021,""272,00"",""271,00"",""274,00"",""270,00"",""7,03K"",""0,00%"""
"10/09/2021,""272,00"",""275,00"",""275,00"",""272,00"",""13,72K"",""-1,09%"""
"09/09/2021,""275,00"",""271,50"",""275,00"",""271,50"",""228,15K"",""1,29%"""
"08/09/2021,""271,50"",""270,90"",""271,50"",""270,70"",""17,55K"",""0,18%"""
"07/09/2021,""271,00"",""270,25"",""271,00"",""270,20"",""30,69K"",""0,30%"""
"06/09/2021,""270,20"",""270,10"",""270,20"",""270,10"",""2,12K"",""-0,30%"""
"03/09/2021,""271,00"",""270,90"",""271,00"",""270,05"",""26,53K"",""0,04%"""
"02/09/2021,""270,90"",""270,90"",""270,90"",""270,00"",""55,74K"",""0,00%"""
"01/09/2021,""270,90"",""271,00"",""271,00"",""270,00"",""28,10K"",""0,11%"""
"31/08/2021,""270,60"",""271,05"",""272,40"",""270,00"",""69,58K"",""-0,18%"""
"30/08/2021,""271,10"",""268,30"",""272,45"",""268,30"",""0,70K"",""-0,33%"""
"27/08/2021,""272,00"",""270,00"",""272,00"",""270,00"",""25,10K"",""0,00%"""
"26/08/2021,""272,00"",""271,00"",""272,00"",""271,00"",""13,81K"",""0,37%"""
"25/08/2021,""271,00"",""270,10"",""271,00"",""270,00"",""4,77K"",""0,37%"""
"24/08/2021,""270,00"",""270,00"",""270,00"",""270,00"",""3,67K"",""-0,74%"""
"23/08/2021,""272,00"",""268,10"",""272,00"",""268,00"",""12,64K"",""-0,18%"""
"19/08/2021,""272,50"",""269,00"",""272,50"",""269,00"",""32,39K"",""0,55%"""
"18/08/2021,""271,00"",""267,00"",""271,00"",""267,00"",""28,20K"",""0,74%"""
"17/08/2021,""269,00"",""265,65"",""269,95"",""265,65"",""5,80K"",""0,00%"""
"16/08/2021,""269,00"",""267,90"",""269,00"",""265,60"",""9,89K"",""0,45%"""
"13/08/2021,""267,80"",""268,00"",""268,00"",""266,00"",""20,94K"",""-0,07%"""
"12/08/2021,""268,00"",""265,00"",""269,00"",""265,00"",""16,89K"",""-0,72%"""
"11/08/2021,""269,95"",""265,00"",""270,00"",""265,00"",""38,74K"",""-0,02%"""
"09/08/2021,""270,00"",""265,00"",""270,00"",""264,55"",""4,57K"",""-1,10%"""
"06/08/2021,""273,00"",""272,50"",""273,00"",""271,00"",""29,64K"",""0,18%"""
"05/08/2021,""272,50"",""271,00"",""272,50"",""270,05"",""21,27K"",""0,55%"""
"04/08/2021,""271,00"",""269,60"",""272,00"",""269,60"",""24,77K"",""-0,33%"""
"03/08/2021,""271,90"",""268,80"",""272,00"",""261,55"",""12,03K"",""0,15%"""
"02/08/2021,""271,50"",""269,95"",""271,50"",""268,05"",""36,88K"",""0,56%"""
"29/07/2021,""270,00"",""270,00"",""271,00"",""267,50"",""253,39K"",""0,77%"""
"28/07/2021,""267,95"",""267,95"",""267,95"",""265,25"",""0,84K"",""0,73%"""
"27/07/2021,""266,00"",""265,60"",""267,00"",""265,35"",""58,25K"",""0,28%"""
"26/07/2021,""265,25"",""267,00"",""267,00"",""264,05"",""12,65K"",""-0,66%"""
"23/07/2021,""267,00"",""262,25"",""267,00"",""262,25"",""3,71K"",""1,83%"""
"20/07/2021,""262,20"",""264,00"",""264,00"",""262,20"",""19,37K"",""-0,93%"""
"19/07/2021,""264,65"",""264,60"",""264,65"",""264,60"",""0,69K"",""-1,23%"""
"16/07/2021,""267,95"",""263,20"",""267,95"",""263,20"",""14,43K"",""1,80%"""
"15/07/2021,""263,20"",""268,00"",""268,00"",""263,20"",""0,31K"",""-1,24%"""
"14/07/2021,""266,50"",""265,00"",""267,00"",""265,00"",""11,05K"",""-0,19%"""
"13/07/2021,""267,00"",""264,50"",""269,00"",""264,00"",""105,38K"",""0,87%"""
"12/07/2021,""264,70"",""264,00"",""265,00"",""264,00"",""4,17K"",""0,08%"""
"09/07/2021,""264,50"",""263,50"",""264,50"",""263,50"",""25,64K"",""0,00%"""
"08/07/2021,""264,50"",""264,50"",""264,50"",""264,50"",""0,96K"",""0,00%"""
"07/07/2021,""264,50"",""261,60"",""264,50"",""261,60"",""5,33K"",""0,00%"""
"06/07/2021,""264,50"",""261,60"",""265,00"",""261,50"",""0,15K"",""-0,19%"""
"05/07/2021,""265,00"",""265,00"",""265,80"",""261,50"",""19,17K"",""0,00%"""
"02/07/2021,""265,00"",""265,00"",""265,00"",""265,00"",""18,51K"",""-0,34%"""
"01/07/2021,""265,90"",""266,00"",""266,00"",""263,00"",""6,35K"",""-0,04%"""
"30/06/2021,""266,00"",""266,00"",""266,00"",""263,00"",""14,03K"",""0,00%"""
"29/06/2021,""266,00"",""262,20"",""266,95"",""262,20"",""3,51K"",""-0,37%"""
"28/06/2021,""267,00"",""267,00"",""267,00"",""265,00"",""0,72K"",""0,75%"""
"25/06/2021,""265,00"",""266,00"",""266,05"",""263,50"",""51,36K"",""-0,38%"""
"24/06/2021,""266,00"",""267,00"",""267,50"",""266,00"",""12,31K"",""-0,37%"""
"22/06/2021,""267,00"",""266,50"",""268,00"",""266,50"",""106,47K"",""0,00%"""
"21/06/2021,""267,00"",""265,05"",""267,00"",""265,05"",""13,15K"",""0,38%"""
"18/06/2021,""266,00"",""266,00"",""268,40"",""265,15"",""117,01K"",""0,19%"""
"17/06/2021,""265,50"",""265,05"",""267,00"",""265,05"",""7,59K"",""-0,19%"""
"16/06/2021,""266,00"",""266,00"",""266,50"",""265,50"",""13,00K"",""0,00%"""
"15/06/2021,""266,00"",""267,80"",""268,50"",""265,05"",""25,92K"",""-0,64%"""
"14/06/2021,""267,70"",""267,00"",""267,70"",""267,00"",""9,65K"",""0,26%"""
"11/06/2021,""267,00"",""267,00"",""267,00"",""265,50"",""8,36K"",""0,38%"""
"10/06/2021,""266,00"",""266,05"",""267,00"",""266,00"",""4,15K"",""0,00%"""
"09/06/2021,""266,00"",""265,05"",""266,00"",""265,05"",""4,88K"",""0,00%"""
"08/06/2021,""266,00"",""263,55"",""268,45"",""263,55"",""5,34K"",""-0,37%"""
"07/06/2021,""267,00"",""267,00"",""268,45"",""266,05"",""16,95K"",""-0,19%"""
"04/06/2021,""267,50"",""266,00"",""267,50"",""265,00"",""22,39K"",""-0,19%"""
"03/06/2021,""268,00"",""265,50"",""268,00"",""265,50"",""0,48K"",""0,00%"""
"02/06/2021,""268,00"",""266,05"",""268,80"",""265,00"",""4,25K"",""0,73%"""
"01/06/2021,""266,05"",""268,95"",""268,95"",""266,00"",""3,56K"",""0,02%"""
"31/05/2021,""266,00"",""266,00"",""266,00"",""266,00"",""0,04K"",""-0,93%"""
"28/05/2021,""268,50"",""267,00"",""268,50"",""267,00"",""6,23K"",""0,94%"""
"27/05/2021,""266,00"",""269,00"",""269,00"",""266,00"",""61,57K"",""-1,12%"""
"26/05/2021,""269,00"",""267,15"",""269,00"",""266,00"",""6,04K"",""0,34%"""
"25/05/2021,""268,10"",""266,10"",""269,65"",""266,10"",""24,08K"",""1,92%"""
"24/05/2021,""263,05"",""266,00"",""267,00"",""263,05"",""1,63K"",""-1,11%"""
"21/05/2021,""266,00"",""265,00"",""266,00"",""265,00"",""2,05K"",""0,76%"""
"20/05/2021,""264,00"",""266,00"",""266,00"",""264,00"",""11,68K"",""-0,75%"""
"19/05/2021,""266,00"",""266,00"",""268,00"",""263,00"",""26,67K"",""0,76%"""
"18/05/2021,""264,00"",""265,00"",""265,00"",""263,40"",""2,23K"",""-1,46%"""
"17/05/2021,""267,90"",""265,00"",""267,95"",""262,05"",""40,91K"",""0,98%"""
"12/05/2021,""265,30"",""264,95"",""265,30"",""262,30"",""54,83K"",""1,07%"""
"11/05/2021,""262,50"",""263,00"",""263,00"",""262,50"",""1,24K"",""-0,94%"""
"10/05/2021,""265,00"",""263,00"",""265,00"",""262,60"",""41,57K"",""0,19%"""
"07/05/2021,""264,50"",""262,10"",""264,50"",""262,00"",""152,58K"",""0,57%"""
"06/05/2021,""263,00"",""262,20"",""265,00"",""262,10"",""31,29K"",""0,13%"""
"05/05/2021,""262,65"",""263,95"",""265,00"",""262,05"",""38,03K"",""0,25%"""
"04/05/2021,""262,00"",""259,70"",""262,00"",""258,55"",""197,85K"",""0,96%"""
"03/05/2021,""259,50"",""258,00"",""259,50"",""258,00"",""162,95K"",""0,58%"""
"30/04/2021,""258,00"",""256,15"",""258,00"",""256,10"",""13,92K"",""-0,35%"""
"29/04/2021,""258,90"",""258,00"",""258,95"",""258,00"",""20,17K"",""0,35%"""
"28/04/2021,""258,00"",""258,00"",""259,90"",""258,00"",""80,58K"",""-0,19%"""
"27/04/2021,""258,50"",""254,25"",""258,50"",""254,25"",""23,97K"",""0,19%"""
"26/04/2021,""258,00"",""258,00"",""258,00"",""256,10"",""152,50K"",""0,00%"""
"23/04/2021,""258,00"",""255,10"",""258,00"",""255,10"",""19,05K"",""0,64%"""
"22/04/2021,""256,35"",""254,55"",""258,00"",""254,55"",""21,37K"",""0,08%"""
"21/04/2021,""256,15"",""255,00"",""258,00"",""255,00"",""119,21K"",""-0,52%"""
"20/04/2021,""257,50"",""256,95"",""258,00"",""254,00"",""72,30K"",""0,23%"""
"19/04/2021,""256,90"",""255,95"",""256,90"",""255,95"",""5,08K"",""0,35%"""
"16/04/2021,""256,00"",""255,00"",""256,00"",""255,00"",""53,76K"",""0,39%"""
"15/04/2021,""255,00"",""253,95"",""255,50"",""251,20"",""102,74K"",""0,35%"""
"14/04/2021,""254,10"",""254,10"",""254,10"",""254,10"",""0,02K"",""0,43%"""
"13/04/2021,""253,00"",""253,00"",""253,00"",""253,00"",""17,54K"",""0,60%"""
"12/04/2021,""251,50"",""251,50"",""251,50"",""251,50"","""",""-0,59%"""
"09/04/2021,""253,00"",""253,00"",""253,00"",""253,00"",""0,11K"",""1,14%"""
"08/04/2021,""250,15"",""250,15"",""250,15"",""250,15"",""0,05K"",""0,00%"""
"06/04/2021,""250,15"",""251,05"",""251,05"",""250,10"",""8,65K"",""-0,36%"""
"05/04/2021,""251,05"",""250,00"",""254,75"",""250,00"",""6,74K"",""-0,77%"""
"02/04/2021,""253,00"",""253,00"",""253,00"",""250,05"",""9,41K"",""-0,76%"""
"01/04/2021,""254,95"",""253,80"",""255,50"",""250,15"",""90,48K"",""0,77%"""
"31/03/2021,""253,00"",""252,00"",""253,00"",""250,10"",""81,69K"",""0,80%"""
"30/03/2021,""251,00"",""250,50"",""251,00"",""249,00"",""4,44K"",""0,50%"""
"29/03/2021,""249,75"",""253,90"",""253,90"",""249,70"",""2,98K"",""-0,10%"""
"26/03/2021,""250,00"",""251,00"",""251,80"",""249,50"",""1,62M"",""0,00%"""
"25/03/2021,""250,00"",""248,55"",""250,00"",""248,50"",""5,58K"",""0,36%"""
"24/03/2021,""249,10"",""249,10"",""249,10"",""249,10"",""1,56K"",""0,00%"""
"23/03/2021,""249,10"",""249,00"",""252,00"",""248,55"",""15,04K"",""0,22%"""
"22/03/2021,""248,55"",""248,20"",""253,15"",""248,20"",""6,01K"",""-2,15%"""
"19/03/2021,""254,00"",""252,45"",""254,00"",""248,35"",""53,46K"",""0,59%"""
"18/03/2021,""252,50"",""249,45"",""254,40"",""249,45"",""2,96K"",""-0,79%"""
"17/03/2021,""254,50"",""250,00"",""255,00"",""250,00"",""33,49K"",""1,80%"""
"16/03/2021,""250,00"",""247,00"",""250,00"",""246,70"",""3,33K"",""0,40%"""
"15/03/2021,""249,00"",""249,05"",""249,05"",""249,00"",""6,07K"",""0,00%"""
"12/03/2021,""249,00"",""249,00"",""249,00"",""249,00"",""32,24K"",""0,69%"""
"11/03/2021,""247,30"",""248,05"",""248,05"",""247,30"",""5,80K"",""-0,48%"""
"10/03/2021,""248,50"",""248,15"",""248,50"",""248,15"",""4,09K"",""0,00%"""
"09/03/2021,""248,50"",""248,70"",""248,70"",""248,50"",""2,30K"",""-0,06%"""
"08/03/2021,""248,65"",""248,65"",""248,65"",""248,65"",""0,01K"",""-0,54%"""
"05/03/2021,""250,00"",""251,90"",""251,90"",""248,95"",""4,36K"",""-0,38%"""
"04/03/2021,""250,95"",""250,95"",""250,95"",""250,95"",""0,04K"",""0,72%"""
"03/03/2021,""249,15"",""248,55"",""251,35"",""248,55"",""6,46K"",""-0,89%"""
"02/03/2021,""251,40"",""251,85"",""251,85"",""249,00"",""0,25K"",""1,35%"""
"01/03/2021,""248,05"",""251,90"",""251,90"",""248,05"",""1,63K"",""-0,78%"""
"26/02/2021,""250,00"",""250,00"",""250,20"",""250,00"",""24,83K"",""-0,02%"""
"25/02/2021,""250,05"",""250,00"",""251,95"",""250,00"",""12,41K"",""-0,38%"""
"24/02/2021,""251,00"",""249,00"",""252,85"",""249,00"",""12,82K"",""0,00%"""
"23/02/2021,""251,00"",""252,00"",""252,00"",""250,00"",""6,06K"",""-1,53%"""
"22/02/2021,""254,90"",""252,30"",""255,00"",""252,25"",""3,00K"",""0,00%"""
"19/02/2021,""254,90"",""252,25"",""254,90"",""252,25"",""0,07K"",""-0,04%"""
"18/02/2021,""255,00"",""252,00"",""256,00"",""252,00"",""10,21K"",""0,37%"""
"17/02/2021,""254,05"",""254,00"",""254,05"",""254,00"",""11,15K"",""0,02%"""
"16/02/2021,""254,00"",""256,25"",""256,40"",""251,30"",""3,14K"",""0,28%"""
"15/02/2021,""253,30"",""253,10"",""253,30"",""253,10"",""1,01K"",""0,08%"""
"12/02/2021,""253,10"",""257,80"",""257,80"",""251,00"",""44,91K"",""0,04%"""
"11/02/2021,""253,00"",""257,70"",""257,70"",""251,20"",""35,12K"",""-0,39%"""
"10/02/2021,""254,00"",""257,90"",""257,90"",""251,10"",""2,02K"",""-0,29%"""
"09/02/2021,""254,75"",""255,00"",""258,00"",""254,70"",""47,69K"",""-1,26%"""
"08/02/2021,""258,00"",""256,00"",""258,00"",""256,00"",""54,61K"",""0,68%"""
"05/02/2021,""256,25"",""256,00"",""256,25"",""256,00"",""37,36K"",""0,45%"""
"04/02/2021,""255,10"",""255,05"",""256,50"",""255,05"",""14,75K"",""-0,43%"""
"03/02/2021,""256,20"",""254,00"",""258,55"",""254,00"",""6,40K"",""-0,35%"""
"02/02/2021,""257,10"",""257,00"",""258,00"",""254,20"",""10,23K"",""0,00%"""
"01/02/2021,""257,10"",""258,95"",""258,95"",""254,10"",""4,90K"",""-0,71%"""
"29/01/2021,""258,95"",""258,00"",""258,95"",""257,20"",""22,80K"",""0,66%"""
"28/01/2021,""257,25"",""257,25"",""257,25"",""257,20"",""1,90K"",""-0,16%"""
"27/01/2021,""257,65"",""258,50"",""258,50"",""257,55"",""4,25K"",""-0,88%"""
"26/01/2021,""259,95"",""257,75"",""260,00"",""257,75"",""63,58K"",""1,15%"""
"25/01/2021,""257,00"",""251,45"",""257,00"",""251,45"",""36,16K"",""0,02%"""
"22/01/2021,""256,95"",""250,80"",""257,50"",""250,80"",""104,33K"",""1,68%"""
"21/01/2021,""252,70"",""256,00"",""257,95"",""252,70"",""32,15K"",""-1,86%"""
"20/01/2021,""257,50"",""256,95"",""257,50"",""256,00"",""20,72K"",""0,59%"""
"19/01/2021,""256,00"",""255,00"",""257,00"",""251,85"",""57,17K"",""0,39%"""
"18/01/2021,""255,00"",""252,00"",""255,90"",""250,00"",""7,36K"",""0,59%"""
"15/01/2021,""253,50"",""250,00"",""253,50"",""250,00"",""76,97K"",""1,40%"""
"14/01/2021,""250,00"",""244,90"",""250,00"",""244,90"",""13,97K"",""2,44%"""
"13/01/2021,""244,05"",""249,00"",""249,00"",""244,05"",""0,02K"",""-1,99%"""
"12/01/2021,""249,00"",""247,00"",""249,00"",""243,10"",""2,01K"",""1,22%"""
"08/01/2021,""246,00"",""245,10"",""246,00"",""245,00"",""3,95K"",""-0,40%"""
"07/01/2021,""247,00"",""249,50"",""249,50"",""245,00"",""0,01K"",""1,23%"""
"06/01/2021,""244,00"",""246,05"",""249,55"",""244,00"",""4,82K"",""-2,24%"""
"05/01/2021,""249,60"",""248,50"",""249,60"",""246,55"",""0,82K"",""-1,15%"""
"04/01/2021,""252,50"",""252,50"",""252,50"",""252,50"",""0,00K"",""1,12%"""
"31/12/2020,""249,70"",""246,10"",""249,75"",""246,10"",""11,78K"",""1,92%"""
"29/12/2020,""245,00"",""246,05"",""246,10"",""245,00"",""0,77K"",""-0,41%"""
"28/12/2020,""246,00"",""245,00"",""250,00"",""245,00"",""3,75K"",""-0,40%"""
"25/12/2020,""247,00"",""250,00"",""250,00"",""247,00"",""37,38K"",""-1,20%"""
"24/12/2020,""250,00"",""251,10"",""251,10"",""250,00"",""14,65K"",""-0,40%"""
"23/12/2020,""251,00"",""248,05"",""256,95"",""248,05"",""3,21K"",""0,40%"""
"22/12/2020,""250,00"",""244,00"",""252,00"",""244,00"",""27,85K"",""2,04%"""
"21/12/2020,""245,00"",""252,60"",""252,60"",""244,60"",""33,30K"",""-3,77%"""
"18/12/2020,""254,60"",""259,00"",""259,90"",""254,60"",""48,94K"",""-1,70%"""
"17/12/2020,""259,00"",""251,15"",""264,80"",""251,15"",""92,73K"",""0,78%"""
"16/12/2020,""257,00"",""250,00"",""258,95"",""250,00"",""154,68K"",""2,39%"""
"15/12/2020,""251,00"",""250,00"",""251,00"",""249,00"",""16,75K"",""0,60%"""
"14/12/2020,""249,50"",""247,65"",""253,00"",""247,65"",""1,58K"",""-0,20%"""
"11/12/2020,""250,00"",""249,95"",""250,00"",""247,20"",""104,98K"",""1,21%"""
"10/12/2020,""247,00"",""247,00"",""247,00"",""246,95"",""2,71K"",""0,80%"""
"09/12/2020,""245,05"",""246,95"",""247,00"",""245,05"",""5,22K"",""-0,77%"""
"08/12/2020,""246,95"",""244,50"",""246,95"",""244,50"",""9,32K"",""0,80%"""
"07/12/2020,""245,00"",""246,95"",""246,95"",""244,35"",""7,67K"",""0,00%"""
"04/12/2020,""245,00"",""247,00"",""247,00"",""245,00"",""8,85K"",""0,20%"""
"03/12/2020,""244,50"",""244,00"",""246,00"",""244,00"",""3,00K"",""-0,22%"""
"02/12/2020,""245,05"",""242,50"",""247,00"",""242,50"",""15,92K"",""0,02%"""
"01/12/2020,""245,00"",""242,35"",""245,00"",""242,35"",""1,04K"",""0,00%"""
"30/11/2020,""245,00"",""245,00"",""245,95"",""243,15"",""32,34K"",""0,78%"""
"27/11/2020,""243,10"",""243,45"",""246,00"",""242,50"",""23,70K"",""-1,18%"""
"26/11/2020,""246,00"",""246,00"",""246,90"",""245,10"",""6,38K"",""-0,32%"""
"25/11/2020,""246,80"",""246,00"",""246,85"",""246,00"",""47,41K"",""0,73%"""
"24/11/2020,""245,00"",""246,50"",""246,90"",""245,00"",""28,34K"",""0,74%"""
"23/11/2020,""243,20"",""244,60"",""244,60"",""243,20"",""1,21K"",""-1,34%"""
"20/11/2020,""246,50"",""244,50"",""247,00"",""244,50"",""66,87K"",""1,02%"""
"19/11/2020,""244,00"",""243,05"",""244,50"",""243,00"",""18,52K"",""0,41%"""
"17/11/2020,""243,00"",""242,95"",""243,00"",""242,45"",""33,27K"",""0,23%"""
"16/11/2020,""242,45"",""241,75"",""243,00"",""241,60"",""12,82K"",""0,00%"""
"13/11/2020,""242,45"",""240,05"",""243,90"",""240,05"",""21,71K"",""-0,55%"""
"12/11/2020,""243,80"",""244,00"",""244,00"",""238,50"",""6,76K"",""0,95%"""
"11/11/2020,""241,50"",""243,95"",""244,00"",""241,50"",""14,11K"",""-1,02%"""
"10/11/2020,""244,00"",""243,00"",""245,00"",""241,70"",""75,57K"",""0,87%"""
"09/11/2020,""241,90"",""237,50"",""242,00"",""237,50"",""83,68K"",""1,64%"""
"05/11/2020,""238,00"",""238,00"",""238,00"",""238,00"",""0,01K"",""0,42%"""
"04/11/2020,""237,00"",""236,50"",""237,00"",""236,35"",""7,12K"",""0,11%"""
"03/11/2020,""236,75"",""236,70"",""236,75"",""236,30"",""6,83K"",""0,02%"""
"02/11/2020,""236,70"",""240,00"",""240,00"",""236,70"",""0,75K"",""-1,38%"""
"28/10/2020,""240,00"",""241,80"",""241,80"",""238,60"",""9,59K"",""0,00%"""
"27/10/2020,""240,00"",""240,95"",""241,00"",""238,30"",""27,21K"",""-0,02%"""
"26/10/2020,""240,05"",""240,00"",""241,90"",""239,90"",""24,80K"",""-0,37%"""
"23/10/2020,""240,95"",""238,00"",""241,65"",""238,00"",""178,42K"",""1,22%"""
"22/10/2020,""238,05"",""235,00"",""238,05"",""235,00"",""20,12K"",""1,23%"""
"21/10/2020,""235,15"",""235,20"",""238,00"",""235,00"",""3,91K"",""-2,27%"""
"20/10/2020,""240,60"",""239,75"",""242,00"",""239,75"",""103,42K"",""1,09%"""
"19/10/2020,""238,00"",""237,05"",""239,90"",""237,05"",""0,32K"",""0,42%"""
"16/10/2020,""237,00"",""240,10"",""240,10"",""236,70"",""94,33K"",""-1,33%"""
"15/10/2020,""240,20"",""243,15"",""243,15"",""240,05"",""6,54K"",""-1,13%"""
"14/10/2020,""242,95"",""237,95"",""244,00"",""237,95"",""42,05K"",""2,92%"""
"13/10/2020,""236,05"",""235,90"",""237,00"",""235,20"",""26,99K"",""0,45%"""
"12/10/2020,""235,00"",""235,00"",""235,00"",""234,00"",""1,33K"",""0,00%"""
"09/10/2020,""235,00"",""232,60"",""235,80"",""232,60"",""28,73K"",""0,00%"""
"08/10/2020,""235,00"",""232,50"",""235,00"",""232,50"",""76,57K"",""0,82%"""
"07/10/2020,""233,10"",""233,95"",""233,95"",""231,85"",""21,90K"",""0,87%"""
"06/10/2020,""231,10"",""231,10"",""231,10"",""231,10"",""0,16K"",""0,02%"""
"05/10/2020,""231,05"",""233,00"",""233,20"",""231,05"",""28,54K"",""-0,84%"""
"02/10/2020,""233,00"",""233,00"",""233,00"",""233,00"",""0,25K"",""0,43%"""
"01/10/2020,""232,00"",""233,00"",""233,00"",""231,00"",""20,53K"",""0,41%"""
"30/09/2020,""231,05"",""233,00"",""233,00"",""231,05"",""1,81K"",""-1,26%"""
"29/09/2020,""234,00"",""232,00"",""234,00"",""232,00"",""9,28K"",""0,86%"""
"28/09/2020,""232,00"",""232,00"",""232,00"",""232,00"",""0,01K"",""-0,02%"""
"25/09/2020,""232,05"",""233,00"",""233,00"",""232,00"",""10,51K"",""0,00%"""
"24/09/2020,""232,05"",""231,50"",""233,00"",""231,15"",""23,55K"",""0,43%"""
"23/09/2020,""231,05"",""232,00"",""235,00"",""231,05"",""3,90K"",""0,02%"""
"22/09/2020,""231,00"",""230,40"",""231,00"",""230,40"",""1,48K"",""0,37%"""
"21/09/2020,""230,15"",""230,60"",""230,60"",""230,15"",""0,78K"",""-0,15%"""
"18/09/2020,""230,50"",""230,15"",""231,00"",""230,05"",""18,74K"",""-0,22%"""
"17/09/2020,""231,00"",""233,50"",""233,50"",""231,00"",""69,04K"",""-1,28%"""
"16/09/2020,""234,00"",""234,05"",""234,05"",""233,50"",""5,08K"",""0,58%"""
"15/09/2020,""232,65"",""233,05"",""233,05"",""232,65"",""7,44K"",""-0,17%"""
"14/09/2020,""233,05"",""232,50"",""233,10"",""232,50"",""8,98K"",""-0,87%"""
"11/09/2020,""235,10"",""233,00"",""237,75"",""232,00"",""13,90K"",""-0,38%"""
"10/09/2020,""236,00"",""233,15"",""237,80"",""233,15"",""70,71K"",""0,00%"""
"09/09/2020,""236,00"",""232,15"",""236,00"",""232,15"",""4,14K"",""1,29%"""
"08/09/2020,""233,00"",""233,00"",""234,00"",""232,05"",""19,08K"",""0,22%"""
"04/09/2020,""232,50"",""233,00"",""233,00"",""232,50"",""5,58K"",""-1,48%"""
"03/09/2020,""236,00"",""236,00"",""236,00"",""236,00"",""0,05K"",""0,47%"""
"02/09/2020,""234,90"",""234,60"",""235,00"",""230,05"",""36,27K"",""0,11%"""
"01/09/2020,""234,65"",""228,50"",""234,65"",""228,50"",""66,55K"",""3,99%"""
"31/08/2020,""225,65"",""225,00"",""225,65"",""224,50"",""12,67K"",""0,29%"""
"28/08/2020,""225,00"",""228,95"",""228,95"",""223,90"",""11,32K"",""-1,75%"""
"27/08/2020,""229,00"",""225,00"",""229,00"",""225,00"",""9,84K"",""1,78%"""
"26/08/2020,""225,00"",""225,00"",""225,00"",""225,00"",""0,04K"",""-1,53%"""
"25/08/2020,""228,50"",""228,50"",""228,50"",""228,00"",""9,79K"",""-0,41%"""
"24/08/2020,""229,45"",""228,50"",""231,50"",""228,25"",""38,18K"",""-1,31%"""
"19/08/2020,""232,50"",""232,00"",""232,50"",""228,10"",""51,52K"",""0,00%"""
"18/08/2020,""232,50"",""236,00"",""236,00"",""231,50"",""28,12K"",""-1,02%"""
"17/08/2020,""234,90"",""234,95"",""235,00"",""234,00"",""4,72K"",""0,82%"""
"13/08/2020,""233,00"",""233,00"",""233,00"",""230,00"",""22,26K"",""1,75%"""
"12/08/2020,""229,00"",""228,00"",""229,00"",""228,00"",""30,72K"",""0,37%"""
"11/08/2020,""228,15"",""228,00"",""228,15"",""228,00"",""7,01K"",""0,51%"""
"10/08/2020,""227,00"",""228,90"",""228,90"",""227,00"",""0,11K"",""-0,44%"""
"07/08/2020,""228,00"",""228,00"",""228,50"",""228,00"",""11,07K"",""0,75%"""
"06/08/2020,""226,30"",""226,00"",""226,30"",""225,65"",""0,09K"",""0,13%"""
"05/08/2020,""226,00"",""226,00"",""228,00"",""225,60"",""3,26K"",""-0,79%"""
"04/08/2020,""227,80"",""226,00"",""228,90"",""225,00"",""0,54K"",""-0,52%"""
"03/08/2020,""229,00"",""229,95"",""229,95"",""228,90"",""0,15K"",""-0,35%"""
"29/07/2020,""229,80"",""225,00"",""230,00"",""225,00"",""26,41K"",""1,23%"""
"28/07/2020,""227,00"",""220,10"",""227,00"",""220,00"",""8,68K"",""1,79%"""
"27/07/2020,""223,00"",""221,00"",""224,00"",""221,00"",""10,45K"",""0,00%"""
"24/07/2020,""223,00"",""223,00"",""224,90"",""221,00"",""45,20K"",""0,00%"""
"23/07/2020,""223,00"",""223,00"",""225,00"",""222,55"",""11,69K"",""0,00%"""
"22/07/2020,""223,00"",""220,60"",""223,00"",""220,60"",""22,36K"",""0,00%"""
"21/07/2020,""223,00"",""223,45"",""223,45"",""223,00"",""17,57K"",""0,00%"""
"20/07/2020,""223,00"",""222,90"",""223,50"",""222,90"",""0,80K"",""0,43%"""
"17/07/2020,""222,05"",""219,50"",""222,95"",""219,50"",""8,91K"",""0,23%"""
"16/07/2020,""221,55"",""222,00"",""222,95"",""218,20"",""39,81K"",""0,25%"""
"15/07/2020,""221,00"",""218,10"",""222,90"",""218,00"",""27,54K"",""0,45%"""
"14/07/2020,""220,00"",""220,00"",""220,00"",""219,00"",""3,16K"",""0,00%"""
"13/07/2020,""220,00"",""220,00"",""223,85"",""220,00"",""5,36K"",""-0,68%"""
"10/07/2020,""221,50"",""221,50"",""221,50"",""221,50"",""5,27K"",""-0,98%"""
"09/07/2020,""223,70"",""222,00"",""223,70"",""221,00"",""11,91K"",""0,77%"""
"08/07/2020,""222,00"",""222,00"",""222,00"",""222,00"",""0,01K"",""0,45%"""
"07/07/2020,""221,00"",""219,90"",""222,00"",""219,90"",""6,89K"",""0,50%"""
"06/07/2020,""219,90"",""224,00"",""224,35"",""219,90"",""12,06K"",""-1,35%"""
"03/07/2020,""222,90"",""221,00"",""224,00"",""221,00"",""3,67K"",""-0,04%"""
"02/07/2020,""223,00"",""223,95"",""223,95"",""223,00"",""0,76K"",""-0,31%"""
"01/07/2020,""223,70"",""219,50"",""223,70"",""219,50"",""25,71K"",""1,77%"""
"30/06/2020,""219,80"",""220,00"",""220,00"",""219,80"",""41,56K"",""0,59%"""
"29/06/2020,""218,50"",""224,40"",""225,90"",""218,10"",""2,49K"",""0,23%"""
"26/06/2020,""218,00"",""219,90"",""220,00"",""218,00"",""61,55K"",""-0,91%"""
"25/06/2020,""220,00"",""223,00"",""223,00"",""220,00"",""4,93K"",""-0,45%"""
"24/06/2020,""221,00"",""225,00"",""225,00"",""221,00"",""9,11K"",""-0,94%"""
"23/06/2020,""223,10"",""222,00"",""225,90"",""222,00"",""3,03K"",""-0,40%"""
"22/06/2020,""224,00"",""226,00"",""227,45"",""223,50"",""0,57K"",""0,45%"""
"19/06/2020,""223,00"",""225,00"",""225,00"",""220,10"",""85,55K"",""0,18%"""
"18/06/2020,""222,60"",""233,50"",""233,50"",""222,60"",""195,36K"",""-1,83%"""
"17/06/2020,""226,75"",""226,75"",""226,75"",""226,75"",""6,78K"",""3,99%"""
"16/06/2020,""218,05"",""215,25"",""220,00"",""215,25"",""4,66K"",""-0,39%"""
"15/06/2020,""218,90"",""219,95"",""219,95"",""218,90"",""1,67K"",""0,88%"""
"12/06/2020,""217,00"",""216,00"",""219,00"",""215,60"",""39,15K"",""-1,32%"""
"11/06/2020,""219,90"",""219,80"",""219,90"",""216,00"",""3,44K"",""1,81%"""
"10/06/2020,""216,00"",""220,00"",""222,95"",""215,05"",""289,24K"",""-2,26%"""
"09/06/2020,""221,00"",""224,00"",""224,00"",""221,00"",""37,87K"",""-1,12%"""
"08/06/2020,""223,50"",""224,00"",""224,00"",""220,00"",""3,69K"",""1,59%"""
"05/06/2020,""220,00"",""224,90"",""225,00"",""220,00"",""16,08K"",""-0,45%"""
"04/06/2020,""221,00"",""225,00"",""225,00"",""219,20"",""54,68K"",""1,28%"""
"03/06/2020,""218,20"",""218,95"",""219,95"",""218,00"",""38,90K"",""1,49%"""
"02/06/2020,""215,00"",""215,00"",""216,50"",""214,00"",""36,64K"",""0,47%"""
"01/06/2020,""214,00"",""213,00"",""217,20"",""212,50"",""12,00K"",""0,00%"""
"29/05/2020,""214,00"",""210,00"",""214,50"",""209,20"",""145,23K"",""1,90%"""
"28/05/2020,""210,00"",""210,00"",""213,00"",""208,10"",""141,21K"",""0,00%"""
"27/05/2020,""210,00"",""205,10"",""210,00"",""205,10"",""70,22K"",""2,44%"""
"26/05/2020,""205,00"",""203,90"",""205,00"",""203,00"",""24,56K"",""0,99%"""
"22/05/2020,""203,00"",""200,00"",""203,50"",""200,00"",""17,66K"",""0,50%"""
"21/05/2020,""202,00"",""200,00"",""203,90"",""200,00"",""0,41K"",""1,51%"""
"20/05/2020,""199,00"",""200,95"",""200,95"",""199,00"",""28,05K"",""0,51%"""
"19/05/2020,""198,00"",""197,85"",""199,90"",""197,65"",""22,63K"",""0,35%"""
"18/05/2020,""197,30"",""195,00"",""198,00"",""194,00"",""18,84K"",""2,23%"""
"15/05/2020,""193,00"",""195,00"",""195,00"",""193,00"",""68,33K"",""-1,03%"""
"14/05/2020,""195,00"",""196,20"",""196,20"",""195,00"",""0,26K"",""2,63%"""
"13/05/2020,""190,00"",""194,00"",""194,90"",""190,00"",""2,74K"",""-2,56%"""
"12/05/2020,""195,00"",""196,25"",""200,00"",""195,00"",""28,05K"",""-1,02%"""
"11/05/2020,""197,00"",""203,00"",""203,00"",""197,00"",""14,02K"",""0,41%"""
"08/05/2020,""196,20"",""206,90"",""206,90"",""196,20"",""27,10K"",""-3,85%"""
"06/05/2020,""204,05"",""204,00"",""205,50"",""203,05"",""9,61K"",""1,01%"""
"05/05/2020,""202,00"",""204,45"",""205,90"",""200,45"",""33,89K"",""1,00%"""
"04/05/2020,""200,00"",""205,00"",""205,00"",""200,00"",""15,30K"",""-1,96%"""
"30/04/2020,""204,00"",""204,95"",""206,00"",""204,00"",""30,45K"",""1,92%"""
"29/04/2020,""200,15"",""201,00"",""203,95"",""200,15"",""7,36K"",""0,07%"""
"28/04/2020,""200,00"",""198,00"",""200,00"",""198,00"",""106,12K"",""1,01%"""
"27/04/2020,""198,00"",""199,95"",""199,95"",""197,95"",""17,30K"",""1,02%"""
"24/04/2020,""196,00"",""197,95"",""198,00"",""196,00"",""12,36K"",""0,51%"""
"23/04/2020,""195,00"",""198,85"",""198,85"",""195,00"",""18,29K"",""-0,03%"""
"22/04/2020,""195,05"",""196,00"",""197,95"",""195,05"",""1,21K"",""-0,05%"""
"21/04/2020,""195,15"",""201,50"",""201,50"",""195,15"",""21,31K"",""-1,44%"""
"20/04/2020,""198,00"",""198,95"",""200,00"",""198,00"",""11,90K"",""-0,48%"""
"17/04/2020,""198,95"",""200,15"",""202,00"",""198,95"",""13,96K"",""-0,53%"""
"16/04/2020,""200,00"",""203,10"",""203,10"",""200,00"",""28,15K"",""-1,48%"""
"15/04/2020,""203,00"",""211,90"",""211,90"",""203,00"",""8,04K"",""-1,93%"""
"14/04/2020,""207,00"",""207,00"",""208,50"",""207,00"",""0,70K"",""0,61%"""
"13/04/2020,""205,75"",""205,70"",""205,75"",""205,70"",""0,12K"",""1,96%"""
"10/04/2020,""201,80"",""201,00"",""204,00"",""200,00"",""42,05K"",""1,41%"""
"09/04/2020,""199,00"",""202,50"",""209,00"",""199,00"",""8,06K"",""-1,00%"""
"08/04/2020,""201,00"",""199,50"",""202,95"",""199,00"",""55,14K"",""0,65%"""
"07/04/2020,""199,70"",""210,00"",""210,00"",""199,70"",""45,76K"",""-3,99%"""
"06/04/2020,""208,00"",""210,00"",""210,00"",""208,00"",""0,41K"",""-0,95%"""
"03/04/2020,""210,00"",""215,00"",""215,00"",""210,00"",""54,35K"",""-2,33%"""
"02/04/2020,""215,00"",""215,00"",""215,00"",""213,00"",""33,11K"",""0,00%"""
"01/04/2020,""215,00"",""216,00"",""216,00"",""213,00"",""12,76K"",""-0,46%"""
"31/03/2020,""216,00"",""225,00"",""225,00"",""216,00"",""24,55K"",""-0,46%"""
"30/03/2020,""217,00"",""217,00"",""217,00"",""216,00"",""21,26K"",""0,00%"""
"27/03/2020,""217,00"",""215,00"",""217,00"",""213,95"",""81,21K"",""0,09%"""
"26/03/2020,""216,80"",""225,00"",""225,00"",""216,80"",""46,10K"",""-0,09%"""
"25/03/2020,""217,00"",""229,00"",""229,00"",""217,00"",""179,89K"",""-3,98%"""
"24/03/2020,""226,00"",""230,00"",""230,00"",""226,00"",""140,14K"",""0,89%"""
"23/03/2020,""224,00"",""224,00"",""224,00"",""224,00"",""11,97K"",""3,99%"""
"20/03/2020,""215,40"",""210,00"",""215,40"",""207,00"",""81,49K"",""3,98%"""
"19/03/2020,""207,15"",""191,25"",""207,15"",""191,25"",""176,72K"",""3,99%"""
"18/03/2020,""199,20"",""207,45"",""207,45"",""199,20"",""47,16K"",""-3,98%"""
"17/03/2020,""207,45"",""218,00"",""218,00"",""207,45"",""53,46K"",""-3,98%"""
"16/03/2020,""216,05"",""240,00"",""240,00"",""216,05"",""63,88K"",""-9,98%"""
"13/03/2020,""240,00"",""240,00"",""240,00"",""235,00"",""110,47K"",""0,00%"""
"12/03/2020,""240,00"",""255,05"",""255,05"",""240,00"",""65,68K"",""-7,67%"""
"11/03/2020,""259,95"",""263,70"",""263,70"",""259,95"",""16,06K"",""-0,02%"""
"10/03/2020,""260,00"",""248,00"",""263,90"",""248,00"",""25,17K"",""7,44%"""
"09/03/2020,""242,00"",""257,00"",""260,00"",""238,00"",""102,29K"",""-8,33%"""
"06/03/2020,""264,00"",""266,00"",""266,00"",""264,00"",""62,23K"",""-2,19%"""
"05/03/2020,""269,90"",""270,00"",""270,00"",""264,00"",""46,38K"",""1,47%"""
"04/03/2020,""266,00"",""266,45"",""266,50"",""266,00"",""25,41K"",""-0,37%"""
"03/03/2020,""267,00"",""270,05"",""270,10"",""267,00"",""31,37K"",""-1,15%"""
"02/03/2020,""270,10"",""270,10"",""270,10"",""270,10"",""2,45K"",""-0,33%"""
"28/02/2020,""271,00"",""272,00"",""272,95"",""271,00"",""118,65K"",""-0,71%"""
"27/02/2020,""272,95"",""272,95"",""272,95"",""272,95"",""0,04K"",""1,00%"""
"26/02/2020,""270,25"",""270,25"",""270,25"",""270,25"",""0,57K"",""-0,28%"""
"24/02/2020,""271,00"",""270,30"",""271,05"",""270,10"",""7,69K"",""-1,45%"""
"21/02/2020,""275,00"",""273,00"",""275,00"",""272,55"",""492,70K"",""1,42%"""
"20/02/2020,""271,15"",""271,10"",""271,20"",""271,10"",""6,58K"",""0,06%"""
"19/02/2020,""271,00"",""270,20"",""271,00"",""270,20"",""8,03K"",""-1,04%"""
"18/02/2020,""273,85"",""270,60"",""274,00"",""270,60"",""15,80K"",""-0,24%"""
"17/02/2020,""274,50"",""274,90"",""274,90"",""274,50"",""3,07K"",""0,18%"""
"14/02/2020,""274,00"",""270,10"",""274,00"",""270,00"",""45,95K"",""0,74%"""
"13/02/2020,""272,00"",""270,20"",""272,00"",""270,10"",""1,02K"",""0,68%"""
"12/02/2020,""270,15"",""271,00"",""271,00"",""270,10"",""18,33K"",""0,02%"""
"11/02/2020,""270,10"",""270,10"",""270,10"",""270,10"",""0,86K"",""-1,24%"""
"10/02/2020,""273,50"",""273,50"",""273,50"",""273,50"",""0,25K"",""-0,15%"""
"07/02/2020,""273,90"",""270,15"",""273,90"",""266,00"",""42,07K"",""1,00%"""
"06/02/2020,""271,20"",""270,35"",""271,20"",""270,35"",""2,51K"",""0,02%"""
"05/02/2020,""271,15"",""271,15"",""271,15"",""271,15"",""1,00K"",""-1,02%"""
"04/02/2020,""273,95"",""270,35"",""273,95"",""270,35"",""10,43K"",""1,35%"""
"03/02/2020,""270,30"",""272,00"",""272,00"",""270,20"",""0,86K"",""-1,49%"""
"31/01/2020,""274,40"",""272,00"",""274,40"",""272,00"",""7,92K"",""0,33%"""
"30/01/2020,""273,50"",""274,90"",""274,90"",""272,05"",""5,80K"",""-0,18%"""
"29/01/2020,""274,00"",""274,05"",""274,05"",""273,50"",""27,88K"",""-0,18%"""
"28/01/2020,""274,50"",""274,50"",""274,50"",""274,40"",""5,75K"",""0,00%"""
"27/01/2020,""274,50"",""274,00"",""276,00"",""274,00"",""17,91K"",""-0,87%"""
"24/01/2020,""276,90"",""276,00"",""276,90"",""275,00"",""82,65K"",""0,33%"""
"23/01/2020,""276,00"",""276,95"",""276,95"",""276,00"",""1,15K"",""-0,34%"""
"22/01/2020,""276,95"",""276,50"",""276,95"",""276,10"",""51,31K"",""0,16%"""
"21/01/2020,""276,50"",""276,00"",""276,50"",""275,40"",""9,31K"",""0,34%"""
"20/01/2020,""275,55"",""275,10"",""276,90"",""275,10"",""18,31K"",""-0,52%"""
"17/01/2020,""277,00"",""276,00"",""277,00"",""275,05"",""182,48K"",""0,38%"""
"16/01/2020,""275,95"",""274,00"",""275,95"",""274,00"",""106,67K"",""0,71%"""
"15/01/2020,""274,00"",""274,00"",""274,00"",""274,00"",""7,93K"",""0,00%"""
"14/01/2020,""274,00"",""273,20"",""275,00"",""273,00"",""21,98K"",""0,44%"""
"13/01/2020,""272,80"",""273,00"",""273,00"",""272,80"",""0,60K"",""-1,16%"""
"10/01/2020,""276,00"",""276,00"",""276,00"",""275,50"",""21,61K"",""-0,04%"""
"09/01/2020,""276,10"",""275,95"",""276,95"",""275,95"",""79,55K"",""0,77%"""
"08/01/2020,""274,00"",""276,00"",""276,90"",""274,00"",""19,65K"",""-0,38%"""
"07/01/2020,""275,05"",""274,00"",""275,05"",""274,00"",""31,62K"",""-0,70%"""
"06/01/2020,""277,00"",""277,50"",""277,50"",""273,30"",""6,64K"",""0,00%"""
"03/01/2020,""277,00"",""276,90"",""277,00"",""276,90"",""99,63K"",""0,04%"""
"02/01/2020,""276,90"",""275,00"",""276,90"",""275,00"",""73,95K"",""-0,22%"""